model,seed,macro_f1,accuracy,weighted_f1,balanced_acc,macro_precision,macro_recall,kappa,mcc,top2_acc,top3_acc,mean_entropy,mean_confidence,ece,brier
bilstm,42,0.3069200423663241,0.5259593679458239,0.5515572292226295,0.38384187800350367,0.2953820765711975,0.38384187800350367,0.43190886909607606,0.44301319596194166,0.7082392776523702,0.7928893905191874,1.4357936382293701,0.5349713563919067,0.04135869354278723,0.638607382774353
bilstm,43,0.32993839133211184,0.559255079006772,0.5941481128253823,0.39166039579177214,0.31182260576284043,0.39166039579177214,0.4684334185904574,0.4752978533663717,0.7212189616252822,0.8126410835214447,0.9182266592979431,0.6838573813438416,0.12554318115586083,0.6260766983032227
bilstm,44,0.3490987924329171,0.5993227990970654,0.6216254955481051,0.38618260046676256,0.33633578506416645,0.38618260046676256,0.5046783354055069,0.5084549321071499,0.7494356659142212,0.8227990970654627,0.8081772327423096,0.7212228775024414,0.12373100659278125,0.576366662979126
bilstm,45,0.35831318245418176,0.6382618510158014,0.6408133393788645,0.39340789329502923,0.34214261809180196,0.39340789329502923,0.5393634032502632,0.5411390314968397,0.7753950338600452,0.8386004514672686,0.6063913106918335,0.7888541221618652,0.15059226249296298,0.5285492539405823
bilstm,46,0.3322756747238045,0.582392776523702,0.599592322218191,0.3717930920958012,0.3190771088645836,0.3717930920958012,0.48290745073388974,0.4877838197157352,0.75,0.8143340857787811,1.2422406673431396,0.5918862819671631,0.027415119128356404,0.5592809319496155
bilstm,mean,0.33530921666186786,0.5810383747178329,0.6015472998386345,0.3853771719305738,0.320952038870918,0.3853771719305738,0.4854582954152386,0.4911377665296076,0.7408577878103837,0.8162528216704288,1.0021659016609192,0.6641584038734436,0.09372805258254974,0.5857761859893799
bilstm,std,0.019769472683375734,0.04218675674243729,0.03355045778476574,0.008536750776061326,0.018883757425810995,0.008536750776061326,0.040121892049515495,0.03666789066245414,0.026455774889597262,0.016619614873108143,0.33428424804830487,0.101373047287275,0.05542082851633434,0.04604542867679863
cnn2d,42,0.37834084577224647,0.5564334085778782,0.5970636513575687,0.41405772316136474,0.40964240170169985,0.41405772316136474,0.4651338459547443,0.4799050043620378,0.7161399548532731,0.8024830699774267,1.3369991779327393,0.5617057681083679,0.03596328217410071,0.6039841175079346
cnn2d,43,0.3609622494200049,0.5366817155756207,0.5908752764640752,0.43153257094914477,0.3669398527177903,0.43153257094914477,0.4520995959324341,0.46435646300070105,0.6952595936794582,0.791196388261851,1.2793625593185425,0.567182183265686,0.036845250774183345,0.6137230396270752
cnn2d,44,0.33092667401903547,0.5079006772009029,0.5469894852910798,0.4133153667515591,0.3337492826051148,0.4133153667515591,0.4165913737542689,0.429873371024419,0.6766365688487584,0.7629796839729119,1.464526891708374,0.5179169774055481,0.038067400859118056,0.6358811855316162
cnn2d,45,0.33854986978927876,0.6139954853273137,0.6327878300850988,0.4026088541939579,0.3286225331942405,0.4026088541939579,0.5205329942913248,0.5245264120019812,0.7556433408577878,0.8205417607223476,1.432498812675476,0.5508270859718323,0.06672443849776723,0.5256736278533936
cnn2d,46,0.3702352974581749,0.6179458239277652,0.639114815426368,0.4185484302705529,0.37819056691051234,0.4185484302705529,0.5270536594635276,0.5339817178281153,0.7579006772009029,0.8340857787810384,1.1296236515045166,0.625444769859314,0.03991093135041523,0.5213909149169922
cnn2d,mean,0.3558029872917481,0.5665914221218962,0.6013662117248381,0.4160125890653159,0.3634289274258716,0.4160125890653159,0.4762822938792599,0.48652859364345086,0.720316027088036,0.8022573363431151,1.3286022186279296,0.5646153569221497,0.04350226073111692,0.5801305770874023
cnn2d,std,0.020367656056423968,0.04828767730344805,0.037073155071440614,0.010464904988895863,0.03338519206705488,0.010464904988895863,0.04692534700652406,0.04313039171255324,0.036103270381083095,0.02744312038903683,0.13356416262948687,0.03900681622517764,0.013065765075424453,0.05296574955511973
mamba1,42,0.3434540620026001,0.5716704288939052,0.6132120423458245,0.40708637075778653,0.337093790261509,0.40708637075778653,0.48180067549604566,0.48912754988090135,0.7420993227990971,0.8019187358916479,1.2979942560195923,0.5825221538543701,0.04766022800793767,0.5890678763389587
mamba1,43,0.3045177288031305,0.5767494356659142,0.5852807238782571,0.39233213946502965,0.2916023772143119,0.39233213946502965,0.4853433213130599,0.49523309357043666,0.731941309255079,0.8019187358916479,1.3233413696289062,0.5746262669563293,0.03684291205711611,0.5854611992835999
mamba1,44,0.28959916052476237,0.43961625282167044,0.4830070556800344,0.3563970099798952,0.2974454399985277,0.3563970099798952,0.3542522891690951,0.3754299078956801,0.6918735891647856,0.7652370203160271,1.4038832187652588,0.5310026407241821,0.09202151970925233,0.7100304961204529
mamba1,45,0.40417259128556204,0.6867945823927766,0.6768602529978545,0.42809751855709466,0.4021986760096514,0.42809751855709466,0.5967603387924951,0.5984737323578397,0.801354401805869,0.858352144469526,0.3539992868900299,0.8704140782356262,0.18472612879615335,0.49443647265434265
mamba1,46,0.3712561487405952,0.6196388261851016,0.6383327348699005,0.4428904236742469,0.35543748929064156,0.4428904236742469,0.5285235945848002,0.5339399265598179,0.7753950338600452,0.840293453724605,0.8242048621177673,0.730050802230835,0.11351967269962583,0.548447847366333
mamba1,mean,0.34259993827133,0.5788939051918737,0.5993385619543742,0.4053606924868106,0.33675555455492834,0.4053606924868106,0.48933604387109925,0.4984408420529352,0.7485327313769752,0.8135440180586908,1.040684598684311,0.6577231884002686,0.09495409225401705,0.5854887783527374
mamba1,std,0.04709680627372477,0.09049550615401863,0.07323468052297664,0.033524645213357095,0.04532114783682886,0.033524645213357095,0.08859456482293707,0.08138716288093144,0.041948285399312245,0.036493701178185234,0.44621086420140504,0.14061213451809618,0.059215534623818546,0.07935049323864792
mamba2,42,0.3256421283503712,0.5062076749435666,0.5580761929696668,0.40084529097008004,0.32467138165729476,0.40084529097008004,0.4223380981902286,0.43734930578949394,0.6975169300225733,0.781038374717833,1.362070918083191,0.553855299949646,0.06731254564551951,0.657130777835846
mamba2,43,0.3563970262835844,0.613431151241535,0.6368297811084713,0.3981719073670279,0.35470688957689783,0.3981719073670279,0.5214596462455228,0.5274799894563965,0.7443566591422122,0.8120767494356659,1.270558476448059,0.5802038311958313,0.06386653674476303,0.524519145488739
mamba2,44,0.3749896117172044,0.6343115124153499,0.6560495531932192,0.4363614463709661,0.35387276431706455,0.4363614463709661,0.5477968280372771,0.5513631985467851,0.7748306997742663,0.8510158013544018,0.5707827210426331,0.800007164478302,0.16569563726270176,0.551929235458374
mamba2,45,0.34767486134117803,0.5711060948081265,0.6073303552189756,0.4199762804786089,0.33991434022563183,0.4199762804786089,0.4821094487568235,0.4894600485967537,0.7353273137697517,0.8024830699774267,1.1582190990447998,0.6204954981803894,0.051539845335766096,0.5734071135520935
mamba2,46,0.3753877562707125,0.6343115124153499,0.6499528982097975,0.45658265312494273,0.35382143367614416,0.45658265312494273,0.5486612022824475,0.5533490455032603,0.7742663656884876,0.8335214446952596,1.2642794847488403,0.5887230038642883,0.0685840263609558,0.5258547067642212
mamba2,mean,0.35601827679261006,0.5918735891647856,0.6216477561400261,0.4223875156623251,0.34539736189060666,0.4223875156623251,0.50447304470246,0.5118003175785378,0.7452595936794582,0.8160270880361175,1.1251821398735047,0.6286569595336914,0.08339971826994123,0.5665681958198547
mamba2,std,0.020781931520137895,0.05439811766859586,0.04019169753592962,0.024601094236084524,0.013125304955412828,0.024601094236084524,0.053301894823086664,0.04893723333888635,0.03199480639921095,0.02717314038939838,0.31821722144636444,0.09869804572994328,0.046496012776716326,0.0545168828035141
random_forest,42,0.306939952754962,0.6851015801354402,0.6180152408956334,0.30076667826533665,0.42636318491144726,0.30076667826533665,0.5600536064199562,0.5764266367000769,,,,,,
random_forest,43,0.3272168337198063,0.6862302483069977,0.6194689269388997,0.31573439313278434,0.43002113809084436,0.31573439313278434,0.5611999713176978,0.5779760004476097,,,,,,
random_forest,44,0.32726938216531765,0.6856659142212189,0.6199423134712088,0.3141974307671929,0.43444030418481205,0.3141974307671929,0.5602532966389141,0.5771874001708412,,,,,,
random_forest,45,0.3330913412523857,0.6867945823927766,0.6229822299912934,0.31729474654448353,0.43883079254134216,0.31729474654448353,0.5619415752838588,0.5786223160814337,,,,,,
random_forest,46,0.31856362302390395,0.6862302483069977,0.6217363971141273,0.3059438746848217,0.4290472280398398,0.3059438746848217,0.5615229772388328,0.5780453846518626,,,,,,
random_forest,mean,0.32261622658327516,0.6860045146726862,0.6204290216822325,0.31078742467892384,0.4317405295536571,0.31078742467892384,0.560994285379852,0.5776515476103649,,,,,,
random_forest,std,0.010182271688774733,0.0006434398561507698,0.001950199199696522,0.007111983047967383,0.004916467932911578,0.007111983047967383,0.00081442021843775,0.0008541967377355211,,,,,,
svm_rbf,42,0.39940494814645855,0.7217832957110609,0.7042961244086566,0.41422476573423367,0.40003425747780924,0.41422476573423367,0.6389191995344286,0.6399332199666162,,,,,,
svm_rbf,43,0.39940494814645855,0.7217832957110609,0.7042961244086566,0.41422476573423367,0.40003425747780924,0.41422476573423367,0.6389191995344286,0.6399332199666162,,,,,,
svm_rbf,44,0.39940494814645855,0.7217832957110609,0.7042961244086566,0.41422476573423367,0.40003425747780924,0.41422476573423367,0.6389191995344286,0.6399332199666162,,,,,,
svm_rbf,45,0.39940494814645855,0.7217832957110609,0.7042961244086566,0.41422476573423367,0.40003425747780924,0.41422476573423367,0.6389191995344286,0.6399332199666162,,,,,,
svm_rbf,46,0.39940494814645855,0.7217832957110609,0.7042961244086566,0.41422476573423367,0.40003425747780924,0.41422476573423367,0.6389191995344286,0.6399332199666162,,,,,,
svm_rbf,mean,0.39940494814645855,0.7217832957110609,0.7042961244086566,0.4142247657342336,0.40003425747780924,0.4142247657342336,0.6389191995344286,0.6399332199666162,,,,,,
svm_rbf,std,0.0,0.0,0.0,6.206335383118183e-17,0.0,6.206335383118183e-17,0.0,0.0,,,,,,
transformer,42,0.33919831433946585,0.5536117381489842,0.5814022038581086,0.38496371869264895,0.32366843214601027,0.38496371869264895,0.4574142505541401,0.46427897958562414,0.7381489841986456,0.827313769751693,0.9528635144233704,0.6707842350006104,0.12133445802647157,0.6122729778289795
transformer,43,0.3111999165480948,0.5197516930022573,0.5431035875869827,0.35075955645990736,0.307090858983444,0.35075955645990736,0.4145287315265437,0.4218596388605026,0.7121896162528216,0.7945823927765236,1.349020004272461,0.548477828502655,0.03733153207307474,0.6255947947502136
transformer,44,0.3341867073975302,0.6117381489841986,0.6047640117702612,0.37571861870349216,0.3148804669545173,0.37571861870349216,0.5062303617846302,0.5096320520725677,0.7516930022573364,0.8290067720090294,1.4922257661819458,0.5176253318786621,0.09425764423258955,0.556923508644104
transformer,45,0.31663203136524415,0.5174943566591422,0.5541683816477145,0.36860715237236946,0.29966470133008305,0.36860715237236946,0.4201164543764546,0.42727374491220976,0.7144469525959368,0.7951467268623025,1.5208899974822998,0.4940788447856903,0.05262380557525777,0.6385393142700195
transformer,46,0.2793492582038139,0.5479683972911964,0.568273921475837,0.32304423172338326,0.28114055529026183,0.32304423172338326,0.43824067789231214,0.4415871602333357,0.7116252821670429,0.7821670428893905,1.5161857604980469,0.5078577995300293,0.0675418077469814,0.6213245391845703
transformer,mean,0.3161132455708298,0.5501128668171558,0.5703424212677808,0.3606186555903602,0.30528900294086336,0.3606186555903602,0.44730609522681614,0.452926315132848,0.7256207674943567,0.8056433408577878,1.3662370085716247,0.5477648079395294,0.074617849530875,0.6109310269355774
transformer,std,0.023640913319720184,0.03807979888556077,0.02405720782310724,0.024461940994675187,0.016185074741666156,0.024461940994675187,0.036979919975771804,0.03569381164650475,0.018288255875901237,0.021208002308870468,0.2415830153016058,0.07161952912777166,0.033512090548297756,0.03163811616206305
xgboost,42,0.38225031997433634,0.6331828442437923,0.6586860835125367,0.4386950829707778,0.35917880761395027,0.4386950829707778,0.5484854780730467,0.552920936077133,,,,,,
xgboost,43,0.3839794918122843,0.6320541760722348,0.6562346596055557,0.4467857563360952,0.3581327605093878,0.4467857563360952,0.5471082751413346,0.5514447253985121,,,,,,
xgboost,44,0.3813092517030723,0.6343115124153499,0.658835120780187,0.44173213699047287,0.3572471211034322,0.44173213699047287,0.549683927418017,0.5539066914076745,,,,,,
xgboost,45,0.378844135475347,0.6297968397291196,0.6546796173446482,0.4416794375099209,0.353210762968517,0.4416794375099209,0.5446862263932928,0.5490886196543625,,,,,,
xgboost,46,0.3373589157785796,0.5615124153498872,0.5968621360436446,0.4104706693869853,0.3190739643493745,0.4104706693869853,0.4708073159088656,0.4786505625593006,,,,,,
xgboost,mean,0.37274842294872396,0.6181715575620768,0.6450595234573144,0.43587261663885035,0.34936868330893234,0.43587261663885035,0.5321542445869113,0.5372023070193965,,,,,,
xgboost,std,0.01987011369379639,0.03171738304498583,0.026999390031891182,0.014494611117694388,0.017085439291151083,0.014494611117694388,0.03434427981260184,0.03278166196941651,,,,,,
