epoch,max_epochs,model,seed,learning_rate,grad_scaler_scale,epoch_seconds,samples_per_sec,best_epoch,best_val_macro_f1,patience,patience_used,train_accuracy,train_balanced_accuracy,train_macro_precision,train_macro_recall,train_macro_f1,train_weighted_precision,train_weighted_recall,train_weighted_f1,train_micro_precision,train_micro_recall,train_micro_f1,train_cohen_kappa,train_matthews_corrcoef,train_top_2_accuracy,train_top_3_accuracy,train_mean_confidence,train_median_confidence,train_mean_predicted_class_confidence,train_mean_true_class_probability,train_prediction_entropy,train_expected_calibration_error,train_multiclass_brier,train_roc_auc_ovr_macro,train_roc_auc_ovr_weighted,train_loss,train_grad_norm_mean,train_grad_norm_max,train_grad_norm_last,val_accuracy,val_balanced_accuracy,val_macro_precision,val_macro_recall,val_macro_f1,val_weighted_precision,val_weighted_recall,val_weighted_f1,val_micro_precision,val_micro_recall,val_micro_f1,val_cohen_kappa,val_matthews_corrcoef,val_top_2_accuracy,val_top_3_accuracy,val_mean_confidence,val_median_confidence,val_mean_predicted_class_confidence,val_mean_true_class_probability,val_prediction_entropy,val_expected_calibration_error,val_multiclass_brier,val_roc_auc_ovr_macro,val_roc_auc_ovr_weighted,val_loss,cuda_memory_allocated_mb,cuda_memory_reserved_mb,cuda_peak_memory_allocated_mb,cuda_peak_memory_reserved_mb
1,50,transformer,42,5e-06,16384.0,10.863235800000012,1089.7305570776607,1,0.13271135811709964,10,0,0.19113874087231103,0.12747566914939895,0.09874407943960233,0.12747566914939895,0.08983415557970838,0.32418708157692594,0.19113874087231103,0.21311553486456083,0.19113874087231103,0.19113874087231103,0.19113874087231103,0.07488352545601118,0.08065214205148848,0.35731201894612197,0.47700809157292284,0.11881457415938919,0.1138916015625,0.11881457415938919,0.08972570518311462,2.6478897302391067,0.07232416671292187,0.8976242138792007,,,2.670456740426575,,,11.488473892211914,0.2634976525821596,0.17851455415773163,0.14629708163683156,0.17851455415773163,0.13271135811709964,0.4102665844863842,0.2634976525821596,0.2784557120021485,0.2634976525821596,0.2634976525821596,0.2634976525821596,0.1448403383657385,0.16052553484748347,0.5252347417840375,0.6302816901408451,0.12616873011342797,0.11822509765625,0.12616873011342797,0.1047505347381735,2.6196766145201846,0.13732892246873168,0.87146501770419,,,2.471186272974865,81.03466796875,2544.0,2030.05615234375,2544.0
2,50,transformer,42,0.000104,16384.0,10.838413992,1092.2262250489612,2,0.18565317373859316,10,0,0.31517663311624233,0.20754290007717105,0.16923590693961105,0.20754290007717105,0.16201825134541703,0.49399252945307276,0.31517663311624233,0.3572057019776004,0.31517663311624233,0.31517663311624233,0.31517663311624233,0.20489633998303625,0.2160520067759844,0.5270376948884942,0.6324254983224787,0.2588276506434867,0.2275390625,0.2588276506434867,0.16945530372139309,2.2485087765172316,0.0582814371889339,0.8132040537164427,,,2.3986754755731963,8.166044044945894,24.223875045776367,9.094740867614746,0.41901408450704225,0.21428421325052757,0.26799529433445185,0.21428421325052757,0.18565317373859316,0.5328193088721083,0.41901408450704225,0.3918038595753308,0.41901408450704225,0.41901408450704225,0.41901408450704225,0.29422130514837386,0.3303877034287353,0.6795774647887324,0.7599765258215962,0.32782877890716694,0.303955078125,0.32782877890716694,0.25129509755703205,2.0957239476175267,0.11090052071871333,0.6879170595981152,,,2.0960169806726663,81.03466796875,2544.0,2030.05615234375,2544.0
3,50,transformer,42,0.00020299999999999997,16384.0,10.77985191099998,1098.15979827332,2,0.18565317373859316,10,1,0.30876258140911783,0.25316708515536723,0.19169340699919218,0.25316708515536723,0.18216948006989958,0.5166417861336393,0.30876258140911783,0.3487844590470153,0.30876258140911783,0.30876258140911783,0.30876258140911783,0.21144439888482214,0.22632572691594732,0.5485494375370041,0.6670613775409513,0.31594805870861703,0.2802734375,0.31594805870861703,0.19423870342074706,2.0753038096156566,0.04176753668806739,0.8028034043859138,,,2.225564809153248,7.437335355048676,29.77633285522461,7.257453441619873,0.3380281690140845,0.23100287367831274,0.22446633415750405,0.23100287367831274,0.18123806225618633,0.5565426161595852,0.3380281690140845,0.3580086218020902,0.3380281690140845,0.3380281690140845,0.3380281690140845,0.24281613440372873,0.2709241157128046,0.5669014084507042,0.7517605633802817,0.3605713463725059,0.3353271484375,0.3605713463725059,0.23490201279590947,1.910664345089615,0.047425176056338024,0.7561052707816097,,,2.0894314380878574,81.03466796875,2544.0,2030.05615234375,2544.0
4,50,transformer,42,0.00030199999999999997,16384.0,10.661637788000007,1110.3359760846522,4,0.24334731375690932,10,0,0.34310242747187686,0.27603359621696577,0.214697095033054,0.27603359621696577,0.20554162441664484,0.5657880549892146,0.34310242747187686,0.38576736105589793,0.34310242747187686,0.34310242747187686,0.34310242747187686,0.24776167633242152,0.2643559362433968,0.5747977106769292,0.6829484902309059,0.342983061401054,0.30615234375,0.342983061401054,0.21588974439441416,1.9896067662397727,0.024394807576521477,0.7801517211418374,,,2.167111788225146,7.129310374756341,20.298885345458984,6.456851482391357,0.5046948356807511,0.2672462771194889,0.2719965512322838,0.2672462771194889,0.24334731375690932,0.6201982993462564,0.5046948356807511,0.5206669509952034,0.5046948356807511,0.5046948356807511,0.5046948356807511,0.38819245331177954,0.4032072500461826,0.7206572769953051,0.7916666666666666,0.3325860108568075,0.313720703125,0.3325860108568075,0.26275853777715297,1.9865772725814792,0.17210882482394366,0.6791508204140385,,,1.9751721984343908,81.03466796875,2544.0,2030.05615234375,2544.0
5,50,transformer,42,0.00040099999999999994,16384.0,10.688150711999981,1107.5816873267927,4,0.24334731375690932,10,1,0.35820011841326227,0.296172192430209,0.2241649932266437,0.296172192430209,0.21946433901718432,0.5722244928555018,0.35820011841326227,0.40094215776952236,0.35820011841326227,0.35820011841326227,0.35820011841326227,0.2623329714435838,0.2782628112727402,0.5864416814683244,0.6830471679494771,0.36014253485713316,0.31982421875,0.36014253485713316,0.22790784852401683,1.9430574666275544,0.028362387850460073,0.7710016973134165,,,2.129938949135509,7.022083234335722,19.445388793945312,5.830021858215332,0.375,0.2647157907139086,0.271877927893752,0.2647157907139086,0.2020073237219224,0.6548473024186611,0.375,0.3639313362020193,0.375,0.375,0.375,0.2735153935024872,0.302897774377273,0.6496478873239436,0.7435446009389671,0.3812001546223958,0.3740234375,0.3812001546223958,0.25110120672575187,1.8807055645371695,0.0495952910660578,0.7381243095925412,,,1.9483621870408037,81.03466796875,2544.0,2030.05615234375,2544.0
6,50,transformer,42,0.0005,16384.0,10.764298380000014,1099.7465493891284,6,0.24801463825394526,10,0,0.3897769883560292,0.32038143554665477,0.2396707606023495,0.32038143554665477,0.2387675320633475,0.5956230758580631,0.3897769883560292,0.43484869783457103,0.3897769883560292,0.3897769883560292,0.3897769883560292,0.29322025456977263,0.30872436003539494,0.59552003157687,0.7046575883165581,0.38188208427000075,0.34423828125,0.38188208427000075,0.24568355170514,1.8788336404919415,0.037338422463211715,0.7521796054750357,,,2.074666141122668,6.885500154284649,17.51958656311035,8.087300300598145,0.443075117370892,0.3296818902735446,0.26707051725605857,0.3296818902735446,0.24801463825394526,0.663978749510537,0.443075117370892,0.45637008763881914,0.443075117370892,0.443075117370892,0.443075117370892,0.3454812147665567,0.3678206860327918,0.5821596244131455,0.7124413145539906,0.36654390863409625,0.305908203125,0.36654390863409625,0.27265724973499494,1.9528944553338814,0.10615876247065727,0.6848401975865209,,,1.9141658315076515,81.03466796875,2544.0,2030.05615234375,2544.0
7,50,transformer,42,0.0004993910125649561,16384.0,11.252428638000026,1052.0395534900324,7,0.24902343446875863,10,0,0.3950069074403,0.33759808022488413,0.24384445194498713,0.33759808022488413,0.247068449613381,0.6009543400997364,0.3950069074403,0.44079037313031194,0.3950069074403,0.3950069074403,0.3950069074402999,0.29910698784700185,0.3145843967975954,0.62048549437537,0.7200513124136569,0.38294618229012484,0.3450927734375,0.38294618229012484,0.24790507247985785,1.872899771995935,0.0499379361478069,0.7491623623343706,,,2.030481675543069,,,11.892728805541992,0.4835680751173709,0.30789173864084907,0.28909606438896235,0.30789173864084907,0.24902343446875863,0.605071331626255,0.4835680751173709,0.4690535257196751,0.4835680751173709,0.4835680751173709,0.4835680751173709,0.35649491596995675,0.3788916888332282,0.744131455399061,0.7975352112676056,0.4781552883381015,0.45947265625,0.4781552883381015,0.33401874869082454,1.634304196692017,0.045297542088468326,0.6556982452714235,,,1.8442157087191728,81.03466796875,2544.0,2030.05615234375,2544.0
8,50,transformer,42,0.0004975670171853926,8192.0,10.682441503999996,1108.1736319892143,7,0.24902343446875863,10,1,0.4083283994474048,0.3487667809422939,0.2506839379598406,0.3487667809422939,0.25385719507808124,0.5992310403785808,0.4083283994474048,0.4525392847749353,0.4083283994474048,0.4083283994474048,0.4083283994474048,0.31034594847824293,0.3249369994897524,0.6291691336096309,0.7261693309650681,0.4042907016197793,0.36181640625,0.4042907016197793,0.26468026162793656,1.8256268284703268,0.03579428841993845,0.7335881674343004,,,1.9599973193423292,,,4.647695541381836,0.3374413145539906,0.32302839968419594,0.2818690157445484,0.32302839968419594,0.24578438984569748,0.663637697541642,0.3374413145539906,0.382541472787175,0.3374413145539906,0.3374413145539906,0.3374413145539906,0.26158962257633145,0.2900187346364524,0.6631455399061033,0.7658450704225352,0.4290928370516065,0.3992919921875,0.4290928370516065,0.25689834524208394,1.7472021569289036,0.09554258534606076,0.7679444135378576,,,1.8470740939529848,81.03466796875,2544.0,2030.05615234375,2544.0
9,50,transformer,42,0.0004945369001834515,8192.0,10.729670614999975,1103.295751078378,9,0.25406988196867997,10,0,0.42431418985593056,0.3583938262541949,0.26136967116660503,0.3583938262541949,0.2655528060840879,0.6176981488926725,0.42431418985593056,0.47024627498387167,0.42431418985593056,0.42431418985593056,0.42431418985593056,0.3282465274745884,0.34314898042927766,0.6432800473653049,0.7394908229721728,0.41133722667042877,0.370849609375,0.41133722667042877,0.27331278047454366,1.7897278172454738,0.03786398490693458,0.723385369179259,,,1.8957475406873714,7.250615095114482,30.82374382019043,8.630717277526855,0.3568075117370892,0.3074751469315349,0.2889353374017868,0.3074751469315349,0.25406988196867997,0.6597968217413362,0.3568075117370892,0.4404433396608314,0.3568075117370892,0.3568075117370892,0.3568075117370892,0.271512809680896,0.2932232864743186,0.6549295774647887,0.7511737089201878,0.3816637925698724,0.35302734375,0.3816637925698724,0.24261110685241055,1.8689420603919642,0.04684913885985183,0.7575935119934896,,,1.9182372378631376,81.03466796875,2544.0,2030.05615234375,2544.0
10,50,transformer,42,0.0004903154239845798,8192.0,10.696880179999994,1106.6778164098316,10,0.28217591058812835,10,0,0.42076179198736924,0.3837558549845373,0.2693501167568553,0.3837558549845373,0.2779782366615201,0.6204405090685268,0.42076179198736924,0.4675189854228249,0.42076179198736924,0.42076179198736924,0.42076179198736924,0.3263208005603647,0.3418819819562701,0.6445628577067298,0.7495559502664298,0.4194830349970551,0.375244140625,0.4194830349970551,0.2794901185459655,1.7662383645598836,0.035252416206813096,0.7197073480600229,,,1.841548094458662,7.480508343278421,35.868812561035156,11.719263076782227,0.41725352112676056,0.3574434298051618,0.3025567471754458,0.3574434298051618,0.28217591058812835,0.6806403486099376,0.41725352112676056,0.48695186295190884,0.41725352112676056,0.41725352112676056,0.41725352112676056,0.3283813488481754,0.3492527189467157,0.6467136150234741,0.7323943661971831,0.4343918634692268,0.39306640625,0.4343918634692268,0.2826255201733728,1.736441435638147,0.0345916748046875,0.7245244445663028,,,1.9292618556761405,81.03466796875,2544.0,2030.05615234375,2544.0
11,50,transformer,42,0.0004849231551964772,8192.0,10.717310466000015,1104.5681691834254,11,0.30714173686607804,10,0,0.42539964476021314,0.38679118575211513,0.26987617396787345,0.38679118575211513,0.28088769489353355,0.6131782710784098,0.42539964476021314,0.46831733352434257,0.42539964476021314,0.42539964476021314,0.4253996447602132,0.3296320093789725,0.34449536916174955,0.6411091375567397,0.7437339648707322,0.42061920196129676,0.375244140625,0.42061920196129676,0.2788213973264617,1.7646048625169601,0.03562098808582187,0.7205790133272056,,,1.8273163634408078,7.367916218489879,39.821781158447266,6.222268104553223,0.5592723004694836,0.3768922235319337,0.300085286903206,0.3768922235319337,0.30714173686607804,0.6472407367047391,0.5592723004694836,0.5812361043563032,0.5592723004694836,0.5592723004694836,0.5592723004694836,0.4541082523371064,0.4613872645541327,0.7494131455399061,0.8227699530516432,0.4527368679852553,0.406982421875,0.4527368679852553,0.34270894975169724,1.6730089770288463,0.11701800565764378,0.6198226924362515,,,1.7800889966633398,81.03466796875,2544.0,2030.05615234375,2544.0
12,50,transformer,42,0.0004783863644106503,8192.0,10.730017792000012,1103.2600531963765,11,0.30714173686607804,10,1,0.4380303927373199,0.4186213321194312,0.29047324330096713,0.4186213321194312,0.3029369916709581,0.6323770787536457,0.4380303927373199,0.48219050741005776,0.4380303927373199,0.4380303927373199,0.4380303927373199,0.34414728196292954,0.35980446384858705,0.6584764160252615,0.7600157884349714,0.4452151954821023,0.40234375,0.4452151954821023,0.29682594895927494,1.6931636693144378,0.03239146703701648,0.7071624999357021,,,1.7424545600519206,7.263729657284469,34.65806579589844,9.075942993164062,0.4782863849765258,0.3239802891647989,0.2886004211501014,0.3239802891647989,0.2802694658408401,0.6620860294208086,0.4782863849765258,0.5372761933138287,0.4782863849765258,0.4782863849765258,0.4782863849765258,0.37788177973114545,0.39366030707242533,0.6971830985915493,0.7869718309859155,0.4413012294142459,0.4034423828125,0.4413012294142459,0.30537368252243796,1.7036996448624144,0.07063300620781983,0.6847938184273505,,,1.8641472707891689,81.03466796875,2544.0,2030.05615234375,2544.0
13,50,transformer,42,0.00047073689821473184,8192.0,10.737300139000013,1102.5117903710288,11,0.30714173686607804,10,2,0.4537201499901322,0.41637288681933726,0.28370297108643466,0.41637288681933726,0.30048702245048076,0.6356563636505543,0.4537201499901322,0.4960028120681086,0.4537201499901322,0.4537201499901322,0.4537201499901322,0.35910825497705945,0.3736727697299094,0.6662719557923821,0.7679100059206632,0.4448357223170453,0.40283203125,0.4448357223170453,0.3033737336622321,1.673394982646025,0.03577873150178239,0.6960013734135927,,,1.7159138050026645,7.405538646956724,36.61860656738281,7.264602184295654,0.49589201877934275,0.3616105645872336,0.30603708414524194,0.3616105645872336,0.2943708447066222,0.6633979458787349,0.49589201877934275,0.5505857218494413,0.49589201877934275,0.49589201877934275,0.49589201877934275,0.39069239651766197,0.4023690886512969,0.6983568075117371,0.7963615023474179,0.4916895476865097,0.4595947265625,0.4916895476865097,0.34310346450044515,1.5400343035858937,0.038883048044124124,0.6614233561163966,,,1.881746854580624,81.03466796875,2544.0,2030.05615234375,2544.0
14,50,transformer,42,0.0004620120240391065,16384.0,10.753510844000004,1100.8497756437464,11,0.30714173686607804,10,3,0.4447404776001579,0.43159869832635467,0.28634447723889933,0.43159869832635467,0.3017412912360299,0.6399649353436709,0.4447404776001579,0.48980415334802674,0.4447404776001579,0.4447404776001579,0.4447404776001579,0.35237098990921545,0.3680339821830793,0.6658772449180975,0.7592263666864022,0.4622578384703566,0.422607421875,0.4622578384703566,0.30715971055269853,1.6311999160373716,0.04004103195886064,0.7039519256726824,,,1.6808235901734145,7.646584791339911,61.3734016418457,6.333548545837402,0.5498826291079812,0.34839165096888847,0.29688102429024604,0.34839165096888847,0.2959081642946544,0.6527220373071962,0.5498826291079812,0.5850259786734097,0.5498826291079812,0.5498826291079812,0.5498826291079812,0.4425379942904597,0.45013249383790116,0.7429577464788732,0.8257042253521126,0.45543122627365756,0.41650390625,0.45543122627365756,0.34293702286733707,1.6631758630696656,0.11234415976654197,0.6238131816019221,,,1.8921785589674829,81.03466796875,2544.0,2030.05615234375,2544.0
15,50,transformer,42,0.00045225424859373693,16384.0,10.995087640999998,1076.6626321246258,11,0.30714173686607804,10,4,0.4592461022301164,0.45398767419305797,0.29963222286287405,0.45398767419305797,0.3201082774768592,0.646619867512924,0.4592461022301164,0.5017940566018084,0.4592461022301164,0.4592461022301164,0.4592461022301164,0.3663623164215284,0.3817135916437525,0.6743635287152161,0.7657390961120979,0.4614160363434663,0.4185791015625,0.4614160363434663,0.3120105050714477,1.6336596469351237,0.04884133904507724,0.6949725416906651,,,1.6441936195778946,7.945637622090168,53.696449279785156,8.465736389160156,0.49178403755868544,0.35704139435257043,0.29018145617115415,0.35704139435257043,0.2908712139041431,0.6655067206200843,0.49178403755868544,0.5367621072179255,0.49178403755868544,0.49178403755868544,0.49178403755868544,0.3933472533462913,0.4081571778321157,0.6954225352112676,0.778755868544601,0.48755162198778607,0.457275390625,0.48755162198778607,0.33750266777657567,1.5676190484443866,0.0381347226424956,0.6669430019274533,,,1.880447699430403,81.03466796875,2544.0,2030.05615234375,2544.0
16,50,transformer,42,0.00044151111077974454,4096.0,10.709290657999986,1105.3953411150394,11,0.30714173686607804,10,5,0.46299585553582,0.4552493993613056,0.29451409120808625,0.4552493993613056,0.31724564692962803,0.638835755167682,0.46299585553582,0.5047054142460548,0.46299585553582,0.46299585553582,0.46299585553582,0.3691207017571717,0.3834246161095608,0.6773238602723505,0.7714624037892244,0.47767376866781996,0.433837890625,0.47767376866781996,0.32566037100048867,1.5784874926954338,0.03420836812108373,0.6842431172058661,,,1.582320858817235,,,10.492440223693848,0.4994131455399061,0.3663238541597329,0.28362218930575733,0.3663238541597329,0.2895002214702529,0.6645786217131902,0.4994131455399061,0.5536172220404781,0.4994131455399061,0.4994131455399061,0.4994131455399061,0.3998627561245699,0.41157135366882447,0.6754694835680751,0.7634976525821596,0.45140226122359156,0.4088134765625,0.45140226122359156,0.33499378724976886,1.6035971012142138,0.06704683259059566,0.6443820692818452,,,1.7975083192189534,81.03466796875,2544.0,2030.05615234375,2544.0
17,50,transformer,42,0.00042983495008466283,4096.0,10.693904624000027,1106.9857471360192,11,0.30714173686607804,10,6,0.46684428656009475,0.4740748485648535,0.3142735117264652,0.4740748485648535,0.3363882220021499,0.6538619374807785,0.46684428656009475,0.5132275798966134,0.46684428656009475,0.46684428656009475,0.46684428656009475,0.3746487995967619,0.38937948931844396,0.6814683244523386,0.7766923228734952,0.4797103457227834,0.435302734375,0.4797103457227834,0.3288494965981656,1.5705544534520024,0.030595163963051362,0.6798507550236634,,,1.5678831654374172,8.513971164775572,76.87004852294922,15.42567253112793,0.38380281690140844,0.33492402065571036,0.2712126259373343,0.33492402065571036,0.2571758588632083,0.6786502300035312,0.38380281690140844,0.4338698882028022,0.38380281690140844,0.38380281690140844,0.38380281690140844,0.299497370178759,0.32065058418232073,0.5757042253521126,0.6825117370892019,0.45304118411641725,0.38916015625,0.45304118411641725,0.2906891466446326,1.6194378342777178,0.07018312266175178,0.7356124098158271,,,1.9359203481898062,81.03466796875,2544.0,2030.05615234375,2544.0
18,50,transformer,42,0.0004172826515897146,4096.0,10.742834656000014,1101.9437959410761,11,0.30714173686607804,10,7,0.48194197750148016,0.46850907667809216,0.31274527206639,0.46850907667809216,0.3404487068619562,0.6498617765423963,0.48194197750148016,0.5232081258788301,0.48194197750148016,0.48194197750148016,0.48194197750148016,0.3882417402889995,0.40193801181399624,0.6876850207223208,0.7808367870534834,0.49295413143563743,0.449951171875,0.49295413143563743,0.3427506614618337,1.530994758484915,0.02412014937339648,0.6654364412202649,,,1.5675696322544805,9.09021011173537,31.78617286682129,6.9772515296936035,0.49295774647887325,0.36181314743785237,0.27759514740634134,0.36181314743785237,0.2841316206907956,0.6769244666914986,0.49295774647887325,0.5466052523263536,0.49295774647887325,0.49295774647887325,0.49295774647887325,0.395540505087539,0.4083030391595614,0.6690140845070423,0.789906103286385,0.47155990958773475,0.429931640625,0.47155990958773475,0.3311175949206934,1.5686155564083502,0.05523552693111796,0.6685473217916386,,,1.8855781006701116,81.03466796875,2544.0,2030.05615234375,2544.0
19,50,transformer,42,0.0004039153688314146,4096.0,10.796579989999998,1096.458323928928,11,0.30714173686607804,10,8,0.4763173475429248,0.49662759986523,0.3160101475582974,0.49662759986523,0.3433674834099353,0.6542932339411044,0.4763173475429248,0.5178051917167651,0.4763173475429248,0.4763173475429248,0.4763173475429248,0.38453277533373087,0.39939385110221287,0.6907440299980264,0.7901124925991712,0.49323422823616664,0.44970703125,0.49323422823616664,0.3366180086644039,1.5291063708663946,0.0446902979566003,0.677158037530454,,,1.4884444849011647,8.72913959124111,46.87114715576172,4.015411853790283,0.49002347417840375,0.3642712380481328,0.3063876696682475,0.3642712380481328,0.3030025160809631,0.6835168741817025,0.49002347417840375,0.5397936951217607,0.49002347417840375,0.49002347417840375,0.49002347417840375,0.3942207031130147,0.4100069529967782,0.7077464788732394,0.7934272300469484,0.5056502651160871,0.4638671875,0.5056502651160871,0.34363046316473694,1.459744328643752,0.06960565271511884,0.6780826449927833,,,1.837114629051495,81.03466796875,2544.0,2030.05615234375,2544.0
20,50,transformer,42,0.00038979822586768676,4096.0,10.785586474000013,1097.5759202837007,20,0.3189310881170532,10,0,0.4883560292086047,0.5054550566812597,0.33186925330599915,0.5054550566812597,0.36196577755166165,0.6653704203274637,0.4883560292086047,0.5308884019953326,0.4883560292086047,0.4883560292086047,0.4883560292086047,0.3972571874801014,0.41195340484687376,0.7009078350108545,0.7971186106177225,0.5056655368838809,0.461181640625,0.5056655368838809,0.3508046420104691,1.479027199412351,0.045796989288842016,0.6631401362611427,,,1.4574282147227036,9.094916755092633,57.03348922729492,4.911617755889893,0.4988262910798122,0.386240036831982,0.3179776750085421,0.386240036831982,0.3189310881170532,0.6884820426836209,0.4988262910798122,0.5542129556750542,0.4988262910798122,0.4988262910798122,0.4988262910798122,0.4038504316834116,0.4175354878540291,0.6977699530516432,0.7904929577464789,0.48229192456169306,0.4298095703125,0.48229192456169306,0.3513710454036372,1.5462845594848134,0.029632281809345642,0.641698130981877,,,1.8095482431107284,81.03466796875,2544.0,2030.05615234375,2544.0
21,50,transformer,42,0.00037500000000000006,4096.0,10.762493800000016,1099.9309472308344,20,0.3189310881170532,10,1,0.4955595026642984,0.49920819964644403,0.3240485184918691,0.49920819964644403,0.35472640129488203,0.6590781956388413,0.4955595026642984,0.5358539315842795,0.4955595026642984,0.4955595026642984,0.4955595026642984,0.40271506171599447,0.41621998061551496,0.70051312413657,0.7957371225577264,0.5156473566706138,0.47412109375,0.5156473566706138,0.3584881664404672,1.4606403426472472,0.04208648061291199,0.6573491351341386,,,1.443490538391014,8.980190228400547,61.94626235961914,7.545244216918945,0.42370892018779344,0.35244009805974436,0.30461131812132364,0.35244009805974436,0.2673395665959786,0.6921883422477668,0.42370892018779344,0.45090617549531964,0.42370892018779344,0.42370892018779344,0.42370892018779344,0.3326138302531103,0.3574302858675965,0.670774647887324,0.7969483568075117,0.5573154503191021,0.53466796875,0.5573154503191021,0.346588489665112,1.3455198235387873,0.13484141748276116,0.7289559069937855,,,1.9460379814318087,81.03466796875,2544.0,2030.05615234375,2544.0
22,50,transformer,42,0.00035959278669726944,4096.0,10.710032275000003,1105.3187979305128,20,0.3189310881170532,10,2,0.491908427077166,0.5085987711124874,0.32767099197724664,0.5085987711124874,0.35682963818925,0.6685375302753501,0.491908427077166,0.5328525936508597,0.491908427077166,0.491908427077166,0.491908427077166,0.4014485619551442,0.41639868943030695,0.7064337872508387,0.7997829090191435,0.5217622674520797,0.482177734375,0.5217622674520797,0.36395498257970726,1.4318166140010902,0.03700677040932751,0.6539437783415263,,,1.4606554163221026,9.397547783159682,54.64753723144531,9.617029190063477,0.4524647887323944,0.3639381329277833,0.29473294390246807,0.3639381329277833,0.2850099716370105,0.6775813110822846,0.4524647887323944,0.49828235175866437,0.4524647887323944,0.4524647887323944,0.4524647887323944,0.36055588447281717,0.38023622502861965,0.7077464788732394,0.8104460093896714,0.5553245723527362,0.516357421875,0.5553245723527362,0.36257857790855175,1.3343533284245797,0.1029425965788219,0.6952006400162075,,,1.978519536519834,81.03466796875,2544.0,2030.05615234375,2544.0
23,50,transformer,42,0.0003436516483539781,8192.0,10.777440517999992,1098.4055054842297,20,0.3189310881170532,10,3,0.5275310834813499,0.5675444940485643,0.3646810049429905,0.5675444940485643,0.4087695237960551,0.6722499490976505,0.5275310834813499,0.5610459887347327,0.5275310834813499,0.5275310834813499,0.5275310834813499,0.4357432415491832,0.44876105358159474,0.7312018946121965,0.8182356423919479,0.5416645345919368,0.5009765625,0.5416645345919368,0.3925031317581386,1.3739763002084386,0.03592301393745682,0.6186908745861172,,,1.3025486040849386,8.934578337691935,53.204097747802734,7.259164810180664,0.5416666666666666,0.3372861077782731,0.2942067394100769,0.3372861077782731,0.29591663357339854,0.6383184793630431,0.5416666666666666,0.5755805011917706,0.5416666666666666,0.5416666666666666,0.5416666666666666,0.42881986991165066,0.43488930136698456,0.7188967136150235,0.806924882629108,0.5831765188297755,0.560791015625,0.5831765188297755,0.42005749651943575,1.2506902513341789,0.04407275562555017,0.6101418359548564,,,2.0198382374266504,81.03466796875,2544.0,2030.05615234375,2544.0
24,50,transformer,42,0.000327254248593737,8192.0,11.233634973999983,1053.7995962481252,20,0.3189310881170532,10,4,0.5149003355042432,0.5431929429603854,0.35176588452154944,0.5431929429603854,0.39069006398528694,0.6697785734960211,0.5149003355042432,0.5541703177063452,0.5149003355042432,0.5149003355042432,0.5149003355042432,0.4230817360466391,0.43591192236242404,0.71600552595224,0.8169528320505229,0.5399017183414125,0.4996337890625,0.5399017183414125,0.3814197265527788,1.373421634348051,0.03786164805666567,0.6384177108275474,,,1.3523434809450805,9.555090410100172,48.27340316772461,18.638553619384766,0.4835680751173709,0.36739891291339466,0.3047348375136007,0.36739891291339466,0.3008160877946843,0.682780384111843,0.4835680751173709,0.5317285518330027,0.4835680751173709,0.4835680751173709,0.4835680751173709,0.38929730826044295,0.40532955514449326,0.7077464788732394,0.8034037558685446,0.5671910388928624,0.5439453125,0.5671910388928624,0.38040028484494476,1.2899431380146789,0.08477947969391873,0.6706635350714573,,,1.9843916495641072,81.03466796875,2544.0,2030.05615234375,2544.0
25,50,transformer,42,0.00031048047389991705,8192.0,10.768360403000031,1099.3317048249955,20,0.3189310881170532,10,5,0.5178606670613776,0.5500755207968793,0.35347201838053177,0.5500755207968793,0.3924322849373395,0.6806466017390959,0.5178606670613776,0.5581551691387342,0.5178606670613776,0.5178606670613776,0.5178606670613776,0.4286129782281579,0.442398158244207,0.7231103216893625,0.8156700217090981,0.5395800641520808,0.50048828125,0.5395800641520808,0.3871970734865397,1.3689860668731648,0.034678990492247624,0.6281087132602419,,,1.3043299965400161,9.426971524671801,95.6827621459961,5.873144149780273,0.4647887323943662,0.37045909175555947,0.30516723676485025,0.37045909175555947,0.2988281208573287,0.7019769322890991,0.4647887323943662,0.5228485285824633,0.4647887323943662,0.4647887323943662,0.4647887323943662,0.3766086229934458,0.39477024142409783,0.6848591549295775,0.7811032863849765,0.5433726422663586,0.50244140625,0.5433726422663586,0.358037102670177,1.3521575187194605,0.0805413331224325,0.6928337429380834,,,1.8892578664519977,81.03466796875,2544.0,2030.05615234375,2544.0
26,50,transformer,42,0.0002934120444167327,8192.0,10.795129440999972,1096.6056557913237,20,0.3189310881170532,10,6,0.5268403394513519,0.5917807687422014,0.36535016667554976,0.5917807687422014,0.4101004903181565,0.6812909051734658,0.5268403394513519,0.5635739538399089,0.5268403394513519,0.5268403394513519,0.5268403394513519,0.4375738362924604,0.45113844153889443,0.7280442076179199,0.8272153147819222,0.5536621286479919,0.51513671875,0.5536621286479919,0.3976369570210673,1.3287584817606788,0.03339248214550031,0.622199312372631,,,1.2400293975203893,8.944451401662375,63.265254974365234,5.966619968414307,0.4994131455399061,0.3770272388245777,0.30875898861581763,0.3770272388245777,0.3066409536812911,0.6759041244964967,0.4994131455399061,0.5475597546823168,0.4994131455399061,0.4994131455399061,0.4994131455399061,0.40232136711227995,0.41608789969581145,0.7194835680751174,0.8098591549295775,0.5881709425662045,0.564453125,0.5881709425662045,0.3967972220459455,1.2230951019465164,0.09459267199878962,0.6614457215747452,,,1.9821940274305747,81.03466796875,2544.0,2030.05615234375,2544.0
27,50,transformer,42,0.00027613211581691346,8192.0,10.746758408999995,1101.5414648277692,20,0.3189310881170532,10,7,0.5368067890270377,0.6045278555021676,0.3673372641973743,0.6045278555021676,0.41599351766415227,0.691246954212567,0.5368067890270377,0.5736743639558735,0.5368067890270377,0.5368067890270377,0.5368067890270377,0.4489586384281026,0.4624196939910954,0.7360371028221827,0.8289915137162028,0.568857762525132,0.5361328125,0.568857762525132,0.41111170483901227,1.2864951061437284,0.03982271112020793,0.6113821369008132,,,1.1999065719672815,9.332763843543898,72.4583969116211,4.938655853271484,0.4800469483568075,0.3639623509434542,0.30327242790632725,0.3639623509434542,0.2968436615002233,0.680485852278586,0.4800469483568075,0.5345617174829654,0.4800469483568075,0.4800469483568075,0.4800469483568075,0.38487338669952254,0.3996189361219236,0.6883802816901409,0.801056338028169,0.5918608472940508,0.564453125,0.5918608472940508,0.3888134007022974,1.211869630968365,0.11181389893724325,0.6846696264843476,,,1.9597403880016344,81.03466796875,2544.0,2030.05615234375,2544.0
28,50,transformer,42,0.0002587248741756254,8192.0,10.714087634999942,1104.9004267361552,20,0.3189310881170532,10,8,0.5361160449970397,0.5912876146354993,0.38275312557722796,0.5912876146354993,0.4276365730488667,0.6936241927117912,0.5361160449970397,0.5740945106259282,0.5361160449970397,0.5361160449970397,0.5361160449970397,0.4486309687053429,0.46240028328008576,0.7457075192421552,0.8392539964476021,0.5750847939370252,0.540771484375,0.5750847939370252,0.41739282762484364,1.2625712678407024,0.0396870533484125,0.6060724962462759,,,1.1706402121692197,9.68235086868238,128.29229736328125,4.346456527709961,0.5346244131455399,0.3790840983146244,0.2967044047029965,0.3790840983146244,0.3061732251100947,0.6821418457306245,0.5346244131455399,0.5822744683722874,0.5346244131455399,0.5346244131455399,0.5346244131455399,0.43752708255198924,0.4472175047860532,0.7341549295774648,0.8257042253521126,0.5922863740876247,0.5693359375,0.5922863740876247,0.4128436674954186,1.2119976874118574,0.07660735940709358,0.6328216701997357,,,1.9656057245854481,81.03466796875,2544.0,2030.05615234375,2544.0
29,50,transformer,42,0.00024127512582437492,16384.0,10.830519367000079,1093.0223749074908,20,0.3189310881170532,10,9,0.5537793566212749,0.6395346112652236,0.39397202645632345,0.6395346112652236,0.44867708362276093,0.6965392378862822,0.5537793566212749,0.5884927563284655,0.5537793566212749,0.5537793566212749,0.5537793566212749,0.46646510622416326,0.4791366627489402,0.7576475231892639,0.8484310242747187,0.5825151827812006,0.54931640625,0.5825151827812006,0.4282567676341296,1.2336892342057928,0.037977924425973204,0.5927449488248656,,,1.0934121745658951,8.626649271050463,71.0524673461914,2.955230474472046,0.49413145539906106,0.3583597375812255,0.3038449815291797,0.3583597375812255,0.30360871749763957,0.6950466800709755,0.49413145539906106,0.5492822295734252,0.49413145539906106,0.49413145539906106,0.49413145539906106,0.4017068394143697,0.4163996262353518,0.6965962441314554,0.8004694835680751,0.5567165607577759,0.52001953125,0.5567165607577759,0.37892818762243075,1.2850176531826054,0.0679006084030223,0.6647913012567441,,,2.0209855630364215,81.03466796875,2544.0,2030.05615234375,2544.0
30,50,transformer,42,0.00022386788418308676,16384.0,10.830810403999976,1092.9930040717963,20,0.3189310881170532,10,10,0.5642391947898164,0.6394684440471106,0.3949180927522197,0.6394684440471106,0.4505093690493761,0.7078721448325704,0.5642391947898164,0.5975557988273181,0.5642391947898164,0.5642391947898164,0.5642391947898164,0.47923598109892285,0.4924853748674303,0.7631734754292481,0.8533649102032761,0.6006784237699205,0.572509765625,0.6006784237699205,0.4457294020293755,1.180828990027687,0.03811337742222963,0.578785536889159,,,1.075303900281847,8.996223903980917,86.83674621582031,20.520883560180664,0.48826291079812206,0.36292977700063983,0.31585342998052457,0.36292977700063983,0.3143507028288547,0.6893753603669383,0.48826291079812206,0.5508449341984021,0.48826291079812206,0.48826291079812206,0.48826291079812206,0.39421361083648465,0.40729811243123665,0.7065727699530516,0.8116197183098591,0.600627773804284,0.58251953125,0.600627773804284,0.393930884734006,1.1740200488873223,0.11307536380391726,0.6791892144161149,,,2.0775963543726244,81.03466796875,2544.0,2030.05615234375,2544.0
