track_id,label_id,genre,tsne_x,tsne_y
181,13,Rock,-1.7687095403671265,-18.212129592895508
564,13,Rock,14.373222351074219,7.526721000671387
734,14,Soul-RnB,-13.70119571685791,-17.291851043701172
735,14,Soul-RnB,25.26348304748535,-26.366283416748047
736,14,Soul-RnB,-10.972307205200195,-12.025850296020508
737,14,Soul-RnB,31.70903968811035,-9.824728965759277
738,14,Soul-RnB,-3.072287082672119,-27.67999839782715
739,14,Soul-RnB,-30.4337215423584,-16.97919464111328
740,14,Soul-RnB,-6.301523208618164,-23.919466018676758
741,14,Soul-RnB,25.570249557495117,-28.291603088378906
742,14,Soul-RnB,-30.990108489990234,-23.10902214050293
743,14,Soul-RnB,-13.478235244750977,-17.184200286865234
744,14,Soul-RnB,26.953998565673828,-27.94204330444336
745,14,Soul-RnB,25.268863677978516,-26.793575286865234
747,14,Soul-RnB,6.5113606452941895,-28.462970733642578
748,14,Soul-RnB,25.875091552734375,-28.789216995239258
749,14,Soul-RnB,-2.3204550743103027,-28.243337631225586
750,14,Soul-RnB,24.460363388061523,11.379716873168945
751,14,Soul-RnB,-18.67864227294922,-14.948944091796875
752,14,Soul-RnB,7.754208564758301,-18.687358856201172
753,14,Soul-RnB,-8.627945899963379,31.087806701660156
754,14,Soul-RnB,1.7837930917739868,3.123960018157959
755,14,Soul-RnB,-38.084938049316406,-12.831782341003418
756,14,Soul-RnB,25.631288528442383,-28.461820602416992
757,14,Soul-RnB,-5.62240743637085,-33.14808654785156
758,14,Soul-RnB,21.18379783630371,-2.2987020015716553
759,14,Soul-RnB,-19.23965072631836,-16.70826530456543
760,14,Soul-RnB,-17.429872512817383,3.4567625522613525
761,14,Soul-RnB,19.169517517089844,21.36423110961914
762,14,Soul-RnB,-35.581634521484375,-17.64013671875
763,14,Soul-RnB,-7.03295373916626,-37.36032485961914
764,14,Soul-RnB,-8.148945808410645,-36.7714729309082
765,14,Soul-RnB,-36.90314483642578,-16.685993194580078
766,14,Soul-RnB,-6.06641149520874,-39.10844802856445
767,14,Soul-RnB,-37.241600036621094,-16.63003158569336
768,14,Soul-RnB,-4.451332092285156,-36.850467681884766
769,14,Soul-RnB,-35.67418670654297,-17.130491256713867
770,14,Soul-RnB,-7.295057773590088,-37.23918914794922
771,14,Soul-RnB,-37.48419189453125,-16.766010284423828
772,14,Soul-RnB,12.241613388061523,-22.58132553100586
773,14,Soul-RnB,-37.168392181396484,-16.621959686279297
774,14,Soul-RnB,-6.821061611175537,-37.41011047363281
775,14,Soul-RnB,-6.949398517608643,-37.847808837890625
776,14,Soul-RnB,-14.713022232055664,-18.878116607666016
854,5,Experimental,-6.188086986541748,-0.44851428270339966
891,6,Folk,3.454918146133423,30.05524253845215
893,6,Folk,-4.4662861824035645,24.005428314208984
894,6,Folk,-2.073395252227783,17.606048583984375
895,6,Folk,-16.421838760375977,19.040346145629883
1042,0,Blues,-5.7733073234558105,-36.502037048339844
1043,0,Blues,-7.0873799324035645,-33.072731018066406
1044,0,Blues,-5.811553001403809,-36.37142562866211
1045,0,Blues,-10.992609024047852,-32.117225646972656
1046,0,Blues,-0.676112711429596,-18.374937057495117
1047,0,Blues,-12.401611328125,18.593488693237305
1048,0,Blues,-11.209258079528809,-31.793537139892578
1068,5,Experimental,18.22148895263672,-12.946532249450684
1071,5,Experimental,14.842406272888184,20.599000930786133
1072,5,Experimental,24.209497451782227,15.28294563293457
3612,13,Rock,-9.807624816894531,-20.094280242919922
3613,13,Rock,-12.792329788208008,-28.710681915283203
3614,13,Rock,-12.797152519226074,-30.085355758666992
3616,13,Rock,-12.717911720275879,-30.079727172851562
3618,13,Rock,-13.57631778717041,-29.86441421508789
3620,13,Rock,-18.136592864990234,-31.77765655517578
3842,0,Blues,-12.244258880615234,-32.73484420776367
4104,13,Rock,-13.248461723327637,-33.183589935302734
4105,13,Rock,-21.497774124145508,-2.3670642375946045
4109,13,Rock,-11.074626922607422,-33.32957458496094
4110,13,Rock,-14.181666374206543,-35.117130279541016
4111,13,Rock,-14.18694019317627,-35.215362548828125
4112,13,Rock,-20.890361785888672,-1.6478674411773682
4500,13,Rock,-23.384952545166016,8.625812530517578
4501,13,Rock,-25.246475219726562,14.293201446533203
4707,4,Electronic,6.413768768310547,0.5987658500671387
4708,4,Electronic,-29.633508682250977,10.32249641418457
4829,13,Rock,-32.73452377319336,7.118223667144775
5030,11,Old-Time / Historic,24.115602493286133,37.067543029785156
5038,11,Old-Time / Historic,23.878990173339844,37.516788482666016
5079,13,Rock,11.990978240966797,-17.57438850402832
5275,13,Rock,5.675490856170654,25.679882049560547
5276,13,Rock,11.159334182739258,14.319296836853027
5277,13,Rock,-10.579312324523926,-22.952363967895508
5477,13,Rock,4.504884719848633,-22.537137985229492
5510,13,Rock,2.0791759490966797,-22.687841415405273
5570,13,Rock,-21.2477970123291,-25.81878089904785
5573,13,Rock,16.83129119873047,-19.416210174560547
5576,13,Rock,7.922533988952637,31.39320945739746
5577,13,Rock,0.4317629039287567,23.809370040893555
5600,13,Rock,12.847086906433105,17.443634033203125
5601,13,Rock,-8.237001419067383,-26.90967559814453
7197,13,Rock,-20.481426239013672,-4.68020486831665
7198,13,Rock,-13.977851867675781,-3.1582465171813965
7199,13,Rock,-3.9354922771453857,-4.356475830078125
7201,13,Rock,-12.933560371398926,-2.8854482173919678
7202,13,Rock,-13.016107559204102,-2.7723913192749023
7203,13,Rock,18.58544158935547,-19.33737564086914
7205,13,Rock,-12.62829303741455,-3.134047031402588
8179,13,Rock,-25.356395721435547,-22.903728485107422
8180,13,Rock,-30.271100997924805,-16.556291580200195
8331,5,Experimental,27.030603408813477,20.82771110534668
8344,5,Experimental,26.984102249145508,20.952165603637695
8347,5,Experimental,20.164682388305664,15.16104793548584
10089,11,Old-Time / Historic,19.580734252929688,40.286834716796875
10104,11,Old-Time / Historic,24.37459373474121,37.44988250732422
10108,4,Electronic,14.148126602172852,-1.9689327478408813
10111,4,Electronic,30.799104690551758,2.442396640777588
10130,4,Electronic,35.554988861083984,-17.991849899291992
10191,4,Electronic,-7.042742729187012,-5.2915849685668945
10230,8,Instrumental,25.359609603881836,35.5247917175293
10277,8,Instrumental,14.57054328918457,27.33880043029785
10357,11,Old-Time / Historic,24.85616683959961,37.5432243347168
10367,11,Old-Time / Historic,22.018884658813477,38.55231857299805
10427,4,Electronic,25.294944763183594,-17.864910125732422
10445,6,Folk,-5.426888465881348,37.40060043334961
10482,6,Folk,-7.676281452178955,28.567750930786133
10483,6,Folk,-21.746850967407227,1.36231529712677
10484,6,Folk,-3.875264883041382,25.80841064453125
10630,4,Electronic,14.698159217834473,-23.877483367919922
10631,4,Electronic,34.359012603759766,-10.78325080871582
10680,6,Folk,-6.287850856781006,32.858543395996094
10681,6,Folk,2.8440730571746826,12.64791488647461
10683,6,Folk,-5.676961898803711,33.9116096496582
10685,6,Folk,-6.239099502563477,32.8453254699707
10686,6,Folk,-0.589791476726532,11.352705001831055
10879,13,Rock,-17.204193115234375,-15.174097061157227
10880,13,Rock,-19.010469436645508,-26.96062469482422
10881,13,Rock,-18.526607513427734,-27.113645553588867
10883,13,Rock,-20.242076873779297,-27.145917892456055
10884,13,Rock,-19.548269271850586,-26.907926559448242
10885,13,Rock,-18.848323822021484,-27.030048370361328
11506,6,Folk,-13.375495910644531,-24.993986129760742
11507,6,Folk,-0.743389904499054,15.360639572143555
11509,6,Folk,-2.1625864505767822,15.409279823303223
11612,13,Rock,20.619647979736328,6.464905738830566
12063,6,Folk,5.419215202331543,25.32899284362793
12068,6,Folk,-14.56895637512207,9.231101036071777
12196,4,Electronic,13.535648345947266,15.940635681152344
12354,13,Rock,-8.850648880004883,-2.018333673477173
12356,13,Rock,-34.37487030029297,5.235324859619141
12365,13,Rock,-23.67255210876465,-9.118922233581543
12374,10,Jazz,17.847381591796875,11.903650283813477
12392,4,Electronic,-7.383966445922852,22.683372497558594
12483,6,Folk,-8.996520042419434,-27.845006942749023
12509,6,Folk,-13.298933029174805,23.042333602905273
12510,6,Folk,-19.9403018951416,4.533095359802246
12511,6,Folk,-0.9107053279876709,14.990449905395508
12515,6,Folk,-7.1476263999938965,29.642702102661133
12516,6,Folk,-13.299612045288086,15.714118003845215
12588,4,Electronic,27.994813919067383,-22.28547477722168
12589,4,Electronic,23.75042152404785,-22.710115432739258
12590,4,Electronic,11.964325904846191,0.07202945649623871
12591,4,Electronic,7.519230365753174,-7.288223743438721
12592,4,Electronic,14.627523422241211,-1.2159593105316162
12987,4,Electronic,-7.387399196624756,-0.055814728140830994
12988,4,Electronic,27.841251373291016,23.000091552734375
12989,4,Electronic,-9.5079345703125,23.339557647705078
12990,4,Electronic,-3.5491018295288086,32.528079986572266
12991,4,Electronic,25.049827575683594,-6.888450622558594
12993,4,Electronic,25.282882690429688,7.1581830978393555
12994,4,Electronic,22.459949493408203,-14.406420707702637
12995,4,Electronic,29.881263732910156,-4.401397705078125
12996,4,Electronic,15.200399398803711,38.72981643676758
12997,4,Electronic,3.6580464839935303,30.7089786529541
13446,13,Rock,-14.192962646484375,-33.1441650390625
13451,13,Rock,-9.866456985473633,-37.39562225341797
13452,13,Rock,-12.190488815307617,-31.11955451965332
13476,13,Rock,-14.239831924438477,-33.355323791503906
13576,5,Experimental,-15.46082878112793,25.757516860961914
13577,5,Experimental,12.447498321533203,22.174724578857422
13579,5,Experimental,6.866217613220215,3.6010923385620117
13673,4,Electronic,22.97808837890625,-14.144585609436035
13760,10,Jazz,2.527719020843506,-23.71890640258789
13814,6,Folk,4.518017292022705,16.350011825561523
14065,4,Electronic,-7.11005973815918,-4.974961757659912
14154,13,Rock,-26.438318252563477,20.4446964263916
14155,13,Rock,-27.65852928161621,7.991981506347656
14157,13,Rock,-18.86918830871582,-0.13089340925216675
14359,7,Hip-Hop,41.84577178955078,7.90244722366333
14360,7,Hip-Hop,40.158103942871094,5.77777099609375
14361,7,Hip-Hop,28.68086051940918,21.09724998474121
14489,13,Rock,-31.668798446655273,6.331268787384033
14491,13,Rock,-34.534385681152344,2.908496856689453
14492,13,Rock,-32.57011413574219,5.848014831542969
14493,13,Rock,-34.45440673828125,2.9831652641296387
14669,4,Electronic,5.827866554260254,-25.950119018554688
14754,13,Rock,14.333656311035156,7.375630855560303
14758,13,Rock,-4.988114833831787,10.29040813446045
14964,2,Country,4.046993732452393,-28.444072723388672
14967,2,Country,-2.2586095333099365,-31.266216278076172
14969,2,Country,0.8447939157485962,-25.16023826599121
14970,2,Country,-3.2558236122131348,-24.466276168823242
15095,5,Experimental,-19.693540573120117,14.533092498779297
15643,4,Electronic,12.810638427734375,-22.907333374023438
15648,4,Electronic,8.021098136901855,16.53228759765625
16127,4,Electronic,-16.089111328125,22.912734985351562
16156,13,Rock,-27.065399169921875,-6.848376274108887
16161,7,Hip-Hop,43.221256256103516,10.302938461303711
16164,7,Hip-Hop,43.25461196899414,10.643807411193848
16181,13,Rock,-9.418383598327637,-34.16196823120117
16186,13,Rock,-8.154483795166016,-33.334537506103516
16377,11,Old-Time / Historic,24.36556053161621,37.93613815307617
16378,11,Old-Time / Historic,23.239282608032227,37.59593200683594
16394,11,Old-Time / Historic,16.53187370300293,39.14763641357422
16401,11,Old-Time / Historic,24.3917293548584,36.64120101928711
16421,11,Old-Time / Historic,21.82126235961914,39.046451568603516
17003,6,Folk,12.354881286621094,17.45026206970215
17440,10,Jazz,-13.627808570861816,27.830638885498047
17441,10,Jazz,9.230975151062012,-14.272327423095703
17442,10,Jazz,6.645043849945068,4.067742347717285
17585,1,Classical,13.225239753723145,37.38657760620117
17701,4,Electronic,17.000699996948242,-18.948274612426758
17704,4,Electronic,5.334394454956055,-29.492897033691406
17707,4,Electronic,-4.512385368347168,-5.225390434265137
17711,13,Rock,-19.47397232055664,20.390993118286133
17712,13,Rock,-17.051986694335938,-22.93079948425293
17740,13,Rock,-11.493258476257324,-20.905426025390625
17746,13,Rock,-22.89636993408203,-4.859970569610596
17785,13,Rock,-10.267170906066895,5.203472137451172
17990,11,Old-Time / Historic,25.00303077697754,36.59505844116211
17999,11,Old-Time / Historic,21.050554275512695,39.37203598022461
18011,11,Old-Time / Historic,25.72637939453125,36.575416564941406
18023,11,Old-Time / Historic,24.021432876586914,38.45260238647461
18040,6,Folk,4.133404731750488,19.411226272583008
18041,6,Folk,13.009016990661621,17.115156173706055
18042,6,Folk,3.7991251945495605,20.634021759033203
18111,5,Experimental,19.91048240661621,-11.380029678344727
18346,6,Folk,-8.560396194458008,-23.066055297851562
18347,6,Folk,2.186300754547119,20.25889778137207
18351,6,Folk,-1.9264938831329346,16.237947463989258
18589,12,Pop,-15.70971393585205,-30.509366989135742
18592,12,Pop,-7.335791110992432,-27.918231964111328
19584,11,Old-Time / Historic,21.3824462890625,37.82320022583008
19630,11,Old-Time / Historic,13.292579650878906,38.78550338745117
19684,13,Rock,-16.39436149597168,9.245256423950195
19718,13,Rock,18.755781173706055,-23.405471801757812
19719,13,Rock,-12.778773307800293,-15.482001304626465
19720,13,Rock,-12.303926467895508,-15.546483039855957
19721,13,Rock,-5.755890846252441,-25.108919143676758
19722,13,Rock,-6.24553108215332,-23.83499526977539
19724,13,Rock,6.293332576751709,-19.43257713317871
20056,13,Rock,14.259571075439453,-9.847967147827148
20094,11,Old-Time / Historic,20.791215896606445,38.53476333618164
20131,11,Old-Time / Historic,23.520694732666016,38.651405334472656
20154,11,Old-Time / Historic,22.74917221069336,36.887813568115234
20198,11,Old-Time / Historic,18.108245849609375,38.14423370361328
20204,11,Old-Time / Historic,17.573963165283203,37.55730438232422
20662,4,Electronic,7.8088603019714355,1.9566292762756348
20663,4,Electronic,25.688018798828125,-19.988637924194336
20664,4,Electronic,18.728958129882812,-26.455692291259766
20665,4,Electronic,-3.4243083000183105,-2.2326366901397705
20666,4,Electronic,18.32318687438965,5.565180778503418
20668,4,Electronic,18.518484115600586,-19.012727737426758
20669,4,Electronic,-14.7654390335083,31.060791015625
20670,4,Electronic,6.488580226898193,4.102350234985352
20671,4,Electronic,34.48991394042969,-15.695026397705078
20672,4,Electronic,28.275693893432617,-21.133649826049805
20673,4,Electronic,-26.197826385498047,20.669307708740234
20675,4,Electronic,18.65115737915039,-18.463029861450195
20676,4,Electronic,-3.4800655841827393,-5.24357795715332
20677,4,Electronic,11.021869659423828,-14.457062721252441
20678,4,Electronic,8.455643653869629,1.6851240396499634
20744,11,Old-Time / Historic,26.79581642150879,20.188011169433594
21133,11,Old-Time / Historic,22.62540054321289,39.559326171875
21276,4,Electronic,-7.986836910247803,-4.911870956420898
21522,13,Rock,-24.53969383239746,-9.481719970703125
21717,13,Rock,16.572301864624023,20.193265914916992
21962,4,Electronic,16.245651245117188,-23.442644119262695
21963,4,Electronic,21.224369049072266,-8.062557220458984
21964,4,Electronic,20.241823196411133,-11.778275489807129
21965,4,Electronic,21.642711639404297,-7.820908069610596
22333,13,Rock,-16.363067626953125,-6.795086860656738
22344,13,Rock,-15.895641326904297,-6.030855178833008
22558,4,Electronic,28.182559967041016,-9.088285446166992
22559,4,Electronic,22.45381736755371,1.6847290992736816
22560,4,Electronic,5.084103107452393,2.290618896484375
22561,4,Electronic,19.26482391357422,-12.962029457092285
22945,13,Rock,-23.478612899780273,-23.532363891601562
23448,4,Electronic,20.238718032836914,-18.051393508911133
23449,4,Electronic,29.675386428833008,-20.746448516845703
23450,4,Electronic,23.049516677856445,-15.38836669921875
23451,4,Electronic,24.398386001586914,-15.937917709350586
23452,4,Electronic,29.716520309448242,-18.000511169433594
23453,4,Electronic,22.655635833740234,-27.021772384643555
23454,4,Electronic,25.106670379638672,-21.297222137451172
23455,4,Electronic,24.048728942871094,10.759004592895508
23456,4,Electronic,24.73647689819336,-24.517507553100586
23457,4,Electronic,22.375341415405273,-5.877939224243164
23458,4,Electronic,20.714750289916992,-11.95612907409668
23459,4,Electronic,25.3974552154541,-24.490859985351562
23460,4,Electronic,27.598676681518555,-17.989070892333984
23461,4,Electronic,27.0644588470459,-21.563154220581055
23853,4,Electronic,24.207435607910156,-15.06160831451416
23854,4,Electronic,34.0185432434082,-19.267534255981445
23855,4,Electronic,24.701194763183594,-22.324234008789062
23856,4,Electronic,23.389816284179688,-21.067880630493164
23857,4,Electronic,29.790393829345703,-21.505809783935547
23859,4,Electronic,-2.0135202407836914,-1.6776742935180664
23860,4,Electronic,20.497825622558594,6.790797233581543
23861,4,Electronic,27.885658264160156,-13.802799224853516
24059,4,Electronic,4.653750896453857,-22.659456253051758
24060,4,Electronic,-19.30032730102539,-12.73766040802002
24062,4,Electronic,23.08342170715332,-24.105728149414062
24063,4,Electronic,4.570369243621826,-27.5891170501709
24064,4,Electronic,-0.3079948425292969,-23.370649337768555
24065,4,Electronic,13.11410903930664,-17.710453033447266
24066,4,Electronic,3.186718225479126,-31.238922119140625
24925,4,Electronic,-2.8296072483062744,20.782094955444336
24989,4,Electronic,-16.288602828979492,18.350452423095703
25142,11,Old-Time / Historic,20.818302154541016,37.70537185668945
25153,11,Old-Time / Historic,1.307391881942749,40.83898162841797
25172,11,Old-Time / Historic,23.043848037719727,39.17317199707031
25388,4,Electronic,13.908832550048828,-18.633520126342773
26851,4,Electronic,6.133681774139404,-3.1874003410339355
26853,4,Electronic,32.5521125793457,-16.29892921447754
26854,4,Electronic,20.931123733520508,-10.957228660583496
26855,4,Electronic,5.2884626388549805,24.034543991088867
27409,13,Rock,-21.317331314086914,-10.107993125915527
27438,4,Electronic,-9.34928035736084,-10.509949684143066
27439,4,Electronic,19.359722137451172,-9.654218673706055
27440,4,Electronic,31.984193801879883,-17.80803108215332
27441,4,Electronic,18.978261947631836,-13.023290634155273
27442,4,Electronic,24.130027770996094,-26.520240783691406
27443,4,Electronic,32.84920883178711,-18.399738311767578
27444,4,Electronic,14.807256698608398,24.4918155670166
27445,4,Electronic,38.60639572143555,1.200987696647644
27446,4,Electronic,28.58429527282715,-19.245647430419922
27447,4,Electronic,31.00041961669922,-15.542616844177246
27448,4,Electronic,32.55519485473633,-1.1372243165969849
27449,4,Electronic,30.934154510498047,-15.940597534179688
27450,4,Electronic,22.39638900756836,-8.838814735412598
27451,4,Electronic,32.916725158691406,-10.88870620727539
27452,4,Electronic,22.691669464111328,-6.7314453125
27453,4,Electronic,-21.652812957763672,-11.866562843322754
28065,13,Rock,-31.049606323242188,-20.949277877807617
28066,13,Rock,-31.19513702392578,-21.17955780029297
28067,13,Rock,-31.201068878173828,-21.707672119140625
28068,13,Rock,-31.56726837158203,-20.7150936126709
28069,13,Rock,-31.3002986907959,-20.399436950683594
28071,13,Rock,-18.070310592651367,-31.81079864501953
28170,4,Electronic,34.358482360839844,-13.030431747436523
28171,4,Electronic,-6.644237041473389,-7.592835903167725
28172,4,Electronic,-2.3566415309906006,-5.856241703033447
28173,4,Electronic,30.00626564025879,-15.135214805603027
28174,4,Electronic,35.921485900878906,2.8842053413391113
28175,4,Electronic,32.48856735229492,-15.147143363952637
28176,4,Electronic,35.05537796020508,-13.413949012756348
28177,4,Electronic,-2.9323313236236572,1.9238526821136475
28178,4,Electronic,31.630233764648438,-2.6743013858795166
28691,13,Rock,-15.443273544311523,-7.094817161560059
29266,7,Hip-Hop,39.78304672241211,7.37993049621582
29659,1,Classical,4.07373571395874,27.768356323242188
29838,13,Rock,-21.331314086914062,-28.71554946899414
29839,13,Rock,-25.783409118652344,-25.948728561401367
29840,13,Rock,-29.17659568786621,-20.085025787353516
29841,13,Rock,-27.821683883666992,3.3872125148773193
30000,4,Electronic,-13.695661544799805,32.18387985229492
30071,13,Rock,-22.413326263427734,1.3567839860916138
30077,13,Rock,-23.518951416015625,0.38076695799827576
30153,13,Rock,-14.073755264282227,-28.442832946777344
30168,13,Rock,-25.446731567382812,-29.73534393310547
30173,13,Rock,-25.470783233642578,-29.62406349182129
30732,4,Electronic,29.954235076904297,-19.050928115844727
31120,11,Old-Time / Historic,22.433406829833984,37.742958068847656
31127,11,Old-Time / Historic,21.155841827392578,38.17697525024414
31132,11,Old-Time / Historic,21.49228858947754,36.50080490112305
31146,11,Old-Time / Historic,18.55101776123047,38.794410705566406
31645,4,Electronic,7.574763298034668,-18.4954776763916
32370,13,Rock,-19.951374053955078,6.3758673667907715
32371,13,Rock,-19.85373878479004,6.022317409515381
32431,4,Electronic,-9.272713661193848,-4.696564674377441
32514,4,Electronic,6.71279764175415,-4.610147476196289
32533,13,Rock,-16.666606903076172,6.339171409606934
32534,13,Rock,-14.7230863571167,4.462095260620117
32539,13,Rock,-27.25119972229004,-12.78018569946289
32832,13,Rock,-20.85910987854004,-28.463132858276367
32844,4,Electronic,-9.511116027832031,-5.076940059661865
32845,4,Electronic,-3.9325058460235596,-0.844096839427948
32846,4,Electronic,23.05164337158203,-3.5429444313049316
33034,13,Rock,3.5725560188293457,20.368579864501953
33040,13,Rock,9.61412239074707,-12.786567687988281
33195,4,Electronic,20.772563934326172,-4.002367973327637
33212,4,Electronic,31.627288818359375,-7.0530571937561035
33241,4,Electronic,24.026430130004883,-28.923734664916992
33243,4,Electronic,26.861528396606445,-18.519329071044922
33360,4,Electronic,2.5604159832000732,-8.473331451416016
33985,13,Rock,-26.025150299072266,-25.27094268798828
33986,13,Rock,-27.30759048461914,-23.128755569458008
33987,13,Rock,-28.983495712280273,-19.005765914916992
33988,13,Rock,-28.24029541015625,-20.952726364135742
33989,13,Rock,-26.62751007080078,-23.651559829711914
33990,13,Rock,-27.96040916442871,-18.469947814941406
33991,13,Rock,-26.779842376708984,-24.87273597717285
33993,13,Rock,-26.45047378540039,-24.358362197875977
33994,13,Rock,-26.98937225341797,-24.582761764526367
34312,1,Classical,3.4568722248077393,37.63926696777344
34313,1,Classical,4.113508701324463,37.11008071899414
34314,1,Classical,1.9740374088287354,39.20438003540039
34315,1,Classical,2.370568037033081,40.044105529785156
34316,1,Classical,5.00348424911499,39.81756591796875
34317,1,Classical,0.8150525689125061,39.86274719238281
34318,1,Classical,1.4813367128372192,37.46376037597656
34319,1,Classical,0.8142159581184387,39.66734313964844
34320,1,Classical,4.450392723083496,39.37771987915039
34457,1,Classical,2.420708179473877,37.410736083984375
34458,1,Classical,3.3798134326934814,38.64955139160156
34459,1,Classical,2.9673728942871094,38.31643295288086
34460,1,Classical,4.590211391448975,38.284122467041016
34461,1,Classical,4.2860822677612305,38.62922668457031
34462,1,Classical,2.4605157375335693,38.57369613647461
34463,1,Classical,2.601764678955078,36.768707275390625
34465,1,Classical,3.191457986831665,36.99122619628906
34466,1,Classical,4.204037189483643,35.44677734375
34467,1,Classical,2.718535900115967,35.992919921875
34975,4,Electronic,19.405641555786133,-24.54707145690918
34976,4,Electronic,10.909116744995117,-13.320661544799805
34977,4,Electronic,-16.874004364013672,6.32887077331543
34978,4,Electronic,6.827695369720459,5.243467807769775
34979,4,Electronic,-2.7395670413970947,-1.0738518238067627
34980,4,Electronic,22.968433380126953,-3.0665409564971924
34981,4,Electronic,26.649080276489258,-24.541044235229492
34982,4,Electronic,11.600448608398438,3.0902106761932373
34983,4,Electronic,29.301326751708984,1.1578359603881836
35183,12,Pop,9.366637229919434,-4.2732110023498535
35186,12,Pop,-6.101222991943359,23.988046646118164
35193,5,Experimental,7.855029106140137,23.71270179748535
35194,5,Experimental,-12.555257797241211,18.40761947631836
35220,5,Experimental,-16.58123207092285,23.9732723236084
35222,5,Experimental,-11.935188293457031,26.7041072845459
35224,5,Experimental,-5.921113967895508,29.567251205444336
35342,4,Electronic,8.598082542419434,4.465517520904541
35343,4,Electronic,8.346183776855469,-20.583515167236328
35344,4,Electronic,26.159515380859375,-11.648004531860352
35345,4,Electronic,17.2575626373291,-0.7393320202827454
35394,4,Electronic,24.61017608642578,-21.401439666748047
35419,13,Rock,-27.875986099243164,10.23220157623291
35546,12,Pop,9.343415260314941,-4.242910385131836
35551,12,Pop,14.397171020507812,-9.132452964782715
35565,4,Electronic,30.540760040283203,-13.766971588134766
35566,4,Electronic,27.346111297607422,-15.612984657287598
35567,4,Electronic,23.596525192260742,-30.010334014892578
35568,4,Electronic,14.08017635345459,-7.829164028167725
36098,4,Electronic,27.65191650390625,-2.6663260459899902
36459,1,Classical,5.467825412750244,33.13638687133789
36460,1,Classical,3.7909905910491943,39.377750396728516
36461,1,Classical,0.9373864531517029,37.43501663208008
36462,1,Classical,11.51076889038086,30.983232498168945
36463,1,Classical,10.198750495910645,31.29753875732422
36464,1,Classical,5.2476983070373535,39.26533126831055
36465,1,Classical,5.098092079162598,34.62028503417969
36466,1,Classical,3.8124372959136963,37.87743377685547
36467,1,Classical,11.555253028869629,30.671133041381836
36468,1,Classical,6.254439353942871,38.32035446166992
36470,1,Classical,4.499709606170654,39.62945556640625
36471,1,Classical,5.930147171020508,32.199363708496094
36472,1,Classical,0.6559072136878967,38.37747573852539
36473,1,Classical,5.237217903137207,37.453529357910156
36474,1,Classical,10.963554382324219,30.72669219970703
36476,1,Classical,1.0312505960464478,37.969425201416016
36477,1,Classical,1.3564447164535522,37.986419677734375
36478,1,Classical,5.871038436889648,32.54559326171875
36479,1,Classical,11.69306755065918,30.944313049316406
36530,1,Classical,2.1848630905151367,36.22859191894531
36531,1,Classical,3.272583484649658,35.60794448852539
36532,1,Classical,4.152669429779053,36.310821533203125
36533,1,Classical,6.415709972381592,37.52797317504883
36534,1,Classical,5.410884380340576,37.04774475097656
36536,1,Classical,4.6865739822387695,36.63178634643555
36537,1,Classical,5.192214012145996,35.966339111328125
36538,1,Classical,7.259703159332275,38.16899490356445
36539,1,Classical,5.661715030670166,36.250492095947266
36572,6,Folk,2.5064198970794678,9.779081344604492
36575,6,Folk,-2.5209624767303467,19.625850677490234
36576,6,Folk,1.845883846282959,15.080846786499023
36800,5,Experimental,23.485599517822266,9.27616024017334
36801,5,Experimental,20.652278900146484,16.213329315185547
36802,5,Experimental,22.017927169799805,0.10501269996166229
36803,5,Experimental,-6.836221218109131,-18.625391006469727
36804,5,Experimental,11.570085525512695,15.509675025939941
36834,13,Rock,-26.601642608642578,12.666929244995117
36836,13,Rock,-24.773332595825195,13.93038558959961
36963,12,Pop,14.630145072937012,-12.38733959197998
36964,12,Pop,31.250917434692383,0.3991056978702545
37957,4,Electronic,27.482166290283203,-15.212539672851562
37958,4,Electronic,29.396469116210938,2.443671464920044
37959,4,Electronic,31.47831916809082,-2.3870656490325928
37960,4,Electronic,20.610923767089844,-25.60545539855957
37961,4,Electronic,25.29119300842285,7.173072814941406
37962,4,Electronic,25.745573043823242,-17.72303581237793
37963,4,Electronic,29.409366607666016,0.6466240286827087
38672,4,Electronic,-7.742173194885254,-2.6969850063323975
38673,4,Electronic,-7.89908504486084,-2.8585152626037598
38674,4,Electronic,-8.347776412963867,-3.3173317909240723
38675,4,Electronic,-18.806962966918945,25.02739715576172
39312,5,Experimental,-12.895039558410645,28.29045295715332
39314,5,Experimental,-21.18097686767578,27.471284866333008
39860,13,Rock,-19.13986587524414,5.855353832244873
39863,13,Rock,-11.908673286437988,-9.452492713928223
39864,13,Rock,-21.10109519958496,3.8926889896392822
39866,13,Rock,-17.16034507751465,0.13199284672737122
40355,13,Rock,-38.16717529296875,-9.073226928710938
40356,13,Rock,-38.23196029663086,-9.246850967407227
41076,4,Electronic,33.92991638183594,-18.224403381347656
41077,4,Electronic,-28.339523315429688,15.455754280090332
41571,10,Jazz,17.84186363220215,11.86369800567627
41752,8,Instrumental,22.017927169799805,0.10501269996166229
41868,13,Rock,-37.93285369873047,-9.005697250366211
42027,4,Electronic,32.04574966430664,-1.2716995477676392
42049,13,Rock,-19.997011184692383,3.6184024810791016
42279,5,Experimental,-21.85599136352539,24.13677406311035
42281,5,Experimental,-27.439401626586914,17.8171443939209
42283,5,Experimental,-26.416351318359375,18.496700286865234
42285,5,Experimental,21.825199127197266,2.2848057746887207
42286,5,Experimental,-21.5710506439209,23.719942092895508
42287,5,Experimental,16.05953598022461,6.84160852432251
42288,5,Experimental,-15.287140846252441,19.992219924926758
42431,13,Rock,-11.256515502929688,6.644304275512695
42432,13,Rock,-9.281277656555176,8.860276222229004
42433,13,Rock,-6.953074932098389,31.204891204833984
42434,13,Rock,-24.939226150512695,-28.69514274597168
42435,13,Rock,-1.883076786994934,21.50794792175293
42436,13,Rock,-13.04393482208252,8.794052124023438
42464,6,Folk,-21.463134765625,-32.284847259521484
42714,4,Electronic,-24.154939651489258,18.55931282043457
42716,4,Electronic,-23.674352645874023,17.845354080200195
42718,4,Electronic,-20.759252548217773,19.473386764526367
42719,4,Electronic,-26.788768768310547,13.443388938903809
42798,5,Experimental,-9.166417121887207,-1.9520232677459717
43150,4,Electronic,10.519930839538574,-12.513232231140137
43158,4,Electronic,18.233863830566406,-25.378952026367188
43283,4,Electronic,26.488718032836914,-5.5570759773254395
43284,4,Electronic,24.985496520996094,-5.198171615600586
43285,4,Electronic,26.723787307739258,-6.02213716506958
43286,4,Electronic,-2.4208359718322754,-5.469507217407227
43287,4,Electronic,27.438709259033203,-4.64317512512207
43288,4,Electronic,-5.156802654266357,0.48781052231788635
43289,4,Electronic,24.272539138793945,-6.618680477142334
43290,4,Electronic,16.836170196533203,-5.437378883361816
43291,4,Electronic,26.4783878326416,-7.772771835327148
43292,4,Electronic,-12.539745330810547,9.908187866210938
43293,4,Electronic,26.524089813232422,-9.355022430419922
44093,4,Electronic,14.719141960144043,-4.731597423553467
44094,4,Electronic,20.657712936401367,-13.746574401855469
44374,5,Experimental,16.238094329833984,9.065278053283691
44771,6,Folk,-3.5369508266448975,14.279702186584473
44863,5,Experimental,-18.073976516723633,23.35391616821289
45016,13,Rock,-36.3198356628418,-12.681912422180176
45018,13,Rock,-17.156784057617188,-13.112135887145996
45021,13,Rock,-37.90547561645508,-12.695586204528809
45022,13,Rock,-36.451168060302734,-12.840432167053223
45025,13,Rock,-35.30742263793945,-12.460769653320312
45027,13,Rock,-35.694149017333984,-11.281517028808594
45028,13,Rock,-36.22391128540039,-10.718417167663574
45144,4,Electronic,-16.84442138671875,25.354169845581055
45362,13,Rock,-4.123383522033691,29.62834930419922
45363,13,Rock,-4.14345645904541,29.64850425720215
45364,13,Rock,-27.190414428710938,-26.17795181274414
45365,13,Rock,-34.91973114013672,-16.577392578125
45366,13,Rock,-23.647916793823242,19.086490631103516
45610,4,Electronic,20.104576110839844,-18.134092330932617
45611,4,Electronic,20.793113708496094,-27.180816650390625
45612,4,Electronic,34.26778030395508,-15.194051742553711
45613,4,Electronic,24.806991577148438,-0.6005383729934692
45614,4,Electronic,28.006311416625977,-11.565951347351074
45615,4,Electronic,13.001801490783691,-1.2035962343215942
45616,4,Electronic,28.36804962158203,-9.868941307067871
45617,4,Electronic,22.104551315307617,-21.073394775390625
45618,4,Electronic,17.928668975830078,-22.114896774291992
45619,4,Electronic,20.299768447875977,-14.528409957885742
45620,4,Electronic,30.88065528869629,-18.4257755279541
45921,5,Experimental,-18.289743423461914,23.131752014160156
45980,5,Experimental,37.45922088623047,-13.89183521270752
46007,5,Experimental,-24.595420837402344,19.521196365356445
46048,5,Experimental,13.307756423950195,15.186789512634277
46067,5,Experimental,-18.65542984008789,22.12000846862793
46080,13,Rock,-24.81182289123535,-6.04130744934082
46087,13,Rock,-18.108671188354492,-22.851030349731445
46091,13,Rock,-16.314624786376953,3.455740451812744
46324,12,Pop,-5.6345624923706055,19.049474716186523
46331,12,Pop,5.029932975769043,4.505424499511719
46465,13,Rock,-28.047672271728516,-22.704946517944336
46468,13,Rock,-28.952085494995117,-23.265748977661133
46470,13,Rock,-29.319923400878906,-21.540664672851562
46474,13,Rock,-28.814950942993164,-22.780651092529297
46475,13,Rock,-26.141902923583984,-18.681507110595703
46476,13,Rock,-29.511734008789062,-19.82980728149414
46513,4,Electronic,16.315322875976562,-5.248519420623779
47035,10,Jazz,-4.492760181427002,28.105016708374023
47036,10,Jazz,4.6300482749938965,-26.30343246459961
47037,10,Jazz,8.04914665222168,30.479036331176758
47463,13,Rock,21.521526336669922,11.002099990844727
47464,13,Rock,-37.00478744506836,-2.6866397857666016
47465,13,Rock,-36.44924545288086,-1.5085554122924805
47466,13,Rock,-35.95988082885742,-1.3658802509307861
47467,13,Rock,-37.38123321533203,-1.4823850393295288
47468,13,Rock,-36.776206970214844,-1.9032316207885742
47469,13,Rock,-35.920745849609375,-0.8430949449539185
47470,13,Rock,-36.1017951965332,-1.5818954706192017
47504,10,Jazz,-7.322628974914551,-25.960596084594727
47505,10,Jazz,3.4491827487945557,-26.691619873046875
47520,13,Rock,-15.977041244506836,-28.247791290283203
47521,13,Rock,-16.889623641967773,-19.08533477783203
47522,13,Rock,-10.418992042541504,-24.39549446105957
47523,13,Rock,-13.626439094543457,-29.770721435546875
47524,13,Rock,-16.031326293945312,-24.64982032775879
47525,13,Rock,-16.099302291870117,-25.450048446655273
47629,6,Folk,13.377918243408203,23.849546432495117
47771,1,Classical,7.675477027893066,29.406932830810547
47774,10,Jazz,12.374293327331543,25.703136444091797
47822,13,Rock,-12.08752155303955,-21.00925636291504
47824,4,Electronic,5.533833026885986,-6.4200663566589355
47998,13,Rock,-20.57416343688965,9.438231468200684
48326,5,Experimental,-18.025318145751953,22.073848724365234
48344,5,Experimental,-1.212469458580017,0.8266359567642212
48680,5,Experimental,-17.632131576538086,12.086572647094727
48681,5,Experimental,-31.047130584716797,2.9469902515411377
48682,5,Experimental,-32.51838684082031,5.707442760467529
48730,13,Rock,-19.6118221282959,-4.043093681335449
48731,13,Rock,-10.75932788848877,-16.87163734436035
48910,13,Rock,-27.57537269592285,-4.949440002441406
48973,13,Rock,4.195992469787598,11.511893272399902
48983,13,Rock,1.2592480182647705,15.242985725402832
48986,13,Rock,8.874693870544434,14.401325225830078
49023,5,Experimental,-9.375267028808594,24.45878028869629
49027,5,Experimental,-28.79932975769043,17.19987678527832
49161,5,Experimental,-30.159622192382812,18.994626998901367
49167,5,Experimental,-32.305084228515625,15.355833053588867
49169,5,Experimental,-27.492616653442383,17.765592575073242
49173,5,Experimental,-31.716779708862305,14.982901573181152
50274,4,Electronic,-2.5821025371551514,-7.275736331939697
51022,4,Electronic,-6.904789924621582,21.29663848876953
51023,4,Electronic,27.682321548461914,-19.586036682128906
51296,5,Experimental,-28.902362823486328,11.196537017822266
51297,5,Experimental,-18.08225440979004,26.518407821655273
51299,5,Experimental,-15.043252944946289,27.247190475463867
51303,5,Experimental,-19.72416114807129,20.459394454956055
51304,5,Experimental,-20.651470184326172,23.256614685058594
51651,4,Electronic,17.021394729614258,-22.540279388427734
51779,4,Electronic,-4.970392227172852,-0.3046543598175049
52113,4,Electronic,18.891063690185547,0.36954036355018616
52114,4,Electronic,-2.1478612422943115,8.336980819702148
52115,4,Electronic,6.245326519012451,-5.489699363708496
52116,4,Electronic,-13.495475769042969,15.818865776062012
52117,4,Electronic,1.8678287267684937,10.308446884155273
52563,13,Rock,-18.003707885742188,-7.2731146812438965
52564,13,Rock,-4.850545406341553,-32.29575729370117
52565,13,Rock,-17.174062728881836,-6.994296073913574
52566,13,Rock,-19.51653289794922,-10.826579093933105
52567,13,Rock,-19.03361701965332,-9.793852806091309
52568,13,Rock,-17.251951217651367,-12.231345176696777
52569,13,Rock,-18.65456771850586,-8.567684173583984
52696,13,Rock,-11.132963180541992,-26.759647369384766
52697,13,Rock,-14.79140853881836,-11.354284286499023
53636,13,Rock,2.2150473594665527,-10.42444133758545
54338,13,Rock,0.45295998454093933,-5.642967700958252
54339,13,Rock,-24.267475128173828,-23.192710876464844
54699,6,Folk,1.7712751626968384,12.0899019241333
54700,6,Folk,1.6784746646881104,11.857110977172852
54701,6,Folk,1.6162433624267578,11.199586868286133
54702,6,Folk,1.5134506225585938,12.098082542419434
54704,15,Spoken,25.38092803955078,21.16060447692871
54935,13,Rock,-27.78400421142578,9.162675857543945
54937,13,Rock,-28.210453033447266,6.584596157073975
54938,13,Rock,-18.703323364257812,3.2100322246551514
54939,13,Rock,-27.172414779663086,-17.06743621826172
55145,4,Electronic,22.03754997253418,-21.29254913330078
55161,4,Electronic,-10.201265335083008,-6.483166694641113
55163,4,Electronic,-25.517610549926758,14.13791561126709
55901,13,Rock,-16.148395538330078,-0.09078662842512131
55902,13,Rock,-20.70183563232422,-6.168071746826172
55905,13,Rock,-27.821718215942383,8.862011909484863
55906,13,Rock,-29.115478515625,9.494461059570312
55907,13,Rock,-27.707759857177734,8.464868545532227
56160,15,Spoken,25.000213623046875,20.752723693847656
56163,13,Rock,-14.359831809997559,-29.04855728149414
56166,13,Rock,-30.356719970703125,12.280997276306152
56476,13,Rock,-37.18727111816406,-9.013016700744629
56522,4,Electronic,-7.032744884490967,21.74700927734375
56524,4,Electronic,8.37799072265625,-3.1744844913482666
56525,4,Electronic,22.6428165435791,-18.016132354736328
56526,4,Electronic,-6.778783321380615,23.968307495117188
56527,4,Electronic,-13.77377986907959,-7.666858673095703
56528,4,Electronic,-7.676037788391113,35.14510726928711
57047,13,Rock,-13.323247909545898,6.821340084075928
57048,13,Rock,-14.020903587341309,7.168191432952881
57541,4,Electronic,20.16156768798828,-21.74961280822754
57542,4,Electronic,22.709667205810547,-9.147562026977539
57543,4,Electronic,21.04743194580078,-5.617347717285156
57544,4,Electronic,14.366373062133789,-25.333005905151367
57545,4,Electronic,14.797983169555664,-25.40175437927246
57546,4,Electronic,14.62933349609375,-25.176860809326172
57547,4,Electronic,-9.747740745544434,-5.889488697052002
57550,13,Rock,-6.662376880645752,31.36528778076172
57551,13,Rock,5.4319281578063965,17.42557144165039
57552,13,Rock,-7.14692497253418,6.132254600524902
57553,13,Rock,-6.3217644691467285,6.473716735839844
57554,13,Rock,-2.075587511062622,8.666315078735352
57555,13,Rock,-7.845571041107178,7.667860984802246
57556,13,Rock,0.18224425613880157,10.325209617614746
57557,13,Rock,-5.33447790145874,6.9061689376831055
57558,13,Rock,-7.009770393371582,23.572893142700195
57601,5,Experimental,-24.189804077148438,19.701602935791016
58570,5,Experimental,-15.785567283630371,13.351207733154297
59068,1,Classical,3.787719964981079,-32.47026062011719
59507,11,Old-Time / Historic,17.6706600189209,39.000587463378906
59513,11,Old-Time / Historic,17.412128448486328,38.6273193359375
59563,13,Rock,-22.85014533996582,2.761176586151123
59577,1,Classical,6.092404365539551,29.565839767456055
59578,1,Classical,9.488452911376953,29.6234073638916
59579,1,Classical,8.28451156616211,29.46132469177246
59580,1,Classical,14.613865852355957,25.323707580566406
59582,1,Classical,-5.682652950286865,38.86699676513672
59584,1,Classical,0.5925838351249695,23.54421615600586
59585,1,Classical,7.142752647399902,29.968036651611328
59586,1,Classical,7.064667701721191,31.18523597717285
59587,1,Classical,8.973941802978516,29.372079849243164
59904,13,Rock,-19.120580673217773,10.568745613098145
59905,13,Rock,-19.356752395629883,2.904340982437134
59906,13,Rock,-27.529541015625,-17.502315521240234
59916,13,Rock,3.762176513671875,-6.5822224617004395
59925,13,Rock,2.1223247051239014,-25.782773971557617
60280,11,Old-Time / Historic,19.606836318969727,38.95730972290039
60284,11,Old-Time / Historic,23.148914337158203,38.18267059326172
60318,5,Experimental,20.761554718017578,16.368043899536133
60323,5,Experimental,-25.98509979248047,15.311819076538086
60481,7,Hip-Hop,6.819844722747803,-4.096873760223389
60602,7,Hip-Hop,9.114312171936035,-7.053449630737305
60603,7,Hip-Hop,8.979826927185059,-7.4589314460754395
60828,4,Electronic,12.257728576660156,-27.969663619995117
60880,13,Rock,-22.599790573120117,-14.876510620117188
60881,13,Rock,-2.50264573097229,-17.923664093017578
60882,13,Rock,-21.78203773498535,-15.518503189086914
60883,13,Rock,-3.3653416633605957,-21.98451805114746
60884,13,Rock,-17.793699264526367,-15.883359909057617
60885,13,Rock,-5.276122093200684,-16.15890121459961
60889,13,Rock,1.576559066772461,8.550162315368652
60890,13,Rock,-2.663642644882202,-17.872507095336914
60891,13,Rock,-22.025476455688477,-15.41917610168457
60892,13,Rock,-28.025360107421875,-13.60723876953125
60893,13,Rock,5.622642517089844,16.811275482177734
60894,13,Rock,-22.111061096191406,-14.296058654785156
60895,13,Rock,-15.720510482788086,-16.581043243408203
60896,13,Rock,-15.872201919555664,-17.16090965270996
60897,13,Rock,-22.627548217773438,-13.862747192382812
60898,13,Rock,-28.038158416748047,-12.405717849731445
60932,13,Rock,-27.86256980895996,-21.67619514465332
60995,5,Experimental,-29.727113723754883,-1.518640160560608
61604,13,Rock,-20.595468521118164,14.19881820678711
61798,13,Rock,26.309572219848633,21.481834411621094
61806,13,Rock,27.70891571044922,21.473342895507812
61807,13,Rock,26.564210891723633,21.701284408569336
61809,13,Rock,-27.593807220458984,11.603636741638184
61812,13,Rock,-31.750415802001953,13.119169235229492
61815,13,Rock,26.404611587524414,22.36301612854004
61817,13,Rock,27.215620040893555,22.245203018188477
62020,7,Hip-Hop,9.530852317810059,10.181746482849121
62028,7,Hip-Hop,44.26767349243164,10.007115364074707
62036,7,Hip-Hop,38.86998748779297,10.065145492553711
62037,7,Hip-Hop,37.152042388916016,9.150439262390137
62149,13,Rock,-21.320327758789062,-18.291728973388672
62150,13,Rock,-35.8480110168457,-2.385103940963745
62152,13,Rock,-35.795166015625,-2.42617130279541
62324,4,Electronic,23.413768768310547,-6.861119747161865
62326,4,Electronic,-5.354573726654053,-2.367785930633545
62327,4,Electronic,23.109424591064453,-8.335162162780762
62328,4,Electronic,30.30875587463379,-20.566635131835938
62329,4,Electronic,20.478796005249023,-6.9643235206604
62330,4,Electronic,-30.393360137939453,18.891027450561523
62331,4,Electronic,30.233171463012695,-21.716869354248047
62332,4,Electronic,28.042810440063477,-19.5858154296875
62333,4,Electronic,32.636131286621094,-15.328845024108887
62334,4,Electronic,28.46796989440918,-16.935163497924805
62335,4,Electronic,27.331602096557617,-11.162564277648926
62336,4,Electronic,25.67753791809082,-18.5217227935791
62524,13,Rock,-22.458473205566406,-10.84046459197998
62561,13,Rock,-31.884214401245117,3.7525265216827393
62563,13,Rock,-31.369915008544922,3.666304588317871
63151,5,Experimental,-19.237552642822266,27.177772521972656
63152,5,Experimental,14.902775764465332,24.215261459350586
63156,5,Experimental,11.014372825622559,28.55694007873535
63157,5,Experimental,10.452105522155762,29.988065719604492
63163,5,Experimental,3.9834229946136475,31.509578704833984
63270,5,Experimental,-14.672992706298828,22.95091438293457
63408,4,Electronic,12.142844200134277,-3.997702121734619
63409,4,Electronic,4.627743721008301,-9.500349044799805
63410,4,Electronic,31.18739891052246,-14.669610023498535
63411,4,Electronic,28.304611206054688,-18.593982696533203
63412,4,Electronic,8.54557991027832,-2.7488646507263184
63413,4,Electronic,10.968950271606445,-11.325085639953613
63414,4,Electronic,11.682759284973145,-3.3286590576171875
63415,4,Electronic,5.68044900894165,-8.027050971984863
63593,13,Rock,8.693284034729004,14.38275146484375
63594,13,Rock,-28.92937660217285,-23.716354370117188
63595,13,Rock,-20.959827423095703,11.51400089263916
63597,13,Rock,-28.449298858642578,-20.62434959411621
64246,13,Rock,-31.021480560302734,13.160700798034668
64739,13,Rock,-5.149293899536133,10.169742584228516
64743,13,Rock,9.568334579467773,16.40544319152832
64873,6,Folk,6.525315284729004,28.10396957397461
64875,6,Folk,2.775768756866455,19.14378547668457
64876,6,Folk,2.817193031311035,18.94732666015625
64877,6,Folk,2.851259231567383,20.117319107055664
64905,13,Rock,-31.445819854736328,-6.868067264556885
64911,13,Rock,-13.12643814086914,-21.99691390991211
64912,13,Rock,-12.137797355651855,-22.470788955688477
65266,5,Experimental,-8.113076210021973,23.65341567993164
65425,4,Electronic,28.005138397216797,-9.178070068359375
65426,4,Electronic,26.167808532714844,-7.475330352783203
65427,4,Electronic,23.81029510498047,14.301583290100098
65428,4,Electronic,26.721363067626953,-8.311002731323242
65429,4,Electronic,24.815048217773438,-2.8034162521362305
65430,4,Electronic,25.13591766357422,-6.442497730255127
65431,4,Electronic,-7.776091575622559,24.686384201049805
65432,4,Electronic,27.652711868286133,-7.674239635467529
65433,4,Electronic,-9.400613784790039,32.74168395996094
65778,4,Electronic,25.60918617248535,-4.735123634338379
65897,13,Rock,-15.899886131286621,-19.191253662109375
65898,13,Rock,-4.462939739227295,-29.677202224731445
65900,13,Rock,-20.31186866760254,-20.084457397460938
66713,13,Rock,-14.391275405883789,-29.375999450683594
66714,13,Rock,-23.82319450378418,-24.746074676513672
66715,13,Rock,-21.246219635009766,-14.705378532409668
66716,13,Rock,-17.29476547241211,-2.9461889266967773
66761,13,Rock,-6.087717056274414,9.947808265686035
66768,13,Rock,-22.599010467529297,-10.806707382202148
66769,13,Rock,-12.265645027160645,-31.320829391479492
66770,13,Rock,-10.30282211303711,-33.78449630737305
66771,13,Rock,-24.752653121948242,4.328178882598877
66772,13,Rock,-12.29085922241211,-11.622949600219727
66778,13,Rock,-20.662282943725586,1.2576003074645996
67038,10,Jazz,14.748549461364746,23.44631004333496
67039,10,Jazz,4.218889236450195,-23.728666305541992
67040,10,Jazz,4.476099967956543,28.034061431884766
67041,10,Jazz,14.078611373901367,23.151504516601562
67042,10,Jazz,14.522296905517578,23.315826416015625
67043,10,Jazz,-9.813654899597168,23.452150344848633
67044,10,Jazz,-6.896639823913574,23.771631240844727
67045,10,Jazz,5.733633041381836,28.0059871673584
67046,10,Jazz,4.401320934295654,29.31761360168457
67047,10,Jazz,9.456077575683594,29.895145416259766
67048,10,Jazz,15.261215209960938,13.432476997375488
67223,4,Electronic,18.82129669189453,0.3421982526779175
67224,4,Electronic,5.515285968780518,-1.6964620351791382
67418,13,Rock,-23.88309097290039,-21.489168167114258
67458,5,Experimental,-26.998029708862305,15.165308952331543
67459,5,Experimental,-16.531288146972656,17.437549591064453
67462,5,Experimental,-18.179828643798828,18.74650764465332
67761,13,Rock,-28.598323822021484,-18.154861450195312
67773,13,Rock,-19.131181716918945,-14.845919609069824
67779,13,Rock,-22.019977569580078,-23.570213317871094
67780,13,Rock,-22.75377655029297,-23.822689056396484
68226,10,Jazz,3.707137107849121,-24.066875457763672
68227,10,Jazz,4.003443241119385,-25.630496978759766
68228,10,Jazz,4.8436970710754395,-25.293664932250977
68229,10,Jazz,4.2169318199157715,-25.236099243164062
68230,10,Jazz,2.822683811187744,-25.40581703186035
68231,10,Jazz,4.7884907722473145,20.660682678222656
68233,10,Jazz,10.890676498413086,-13.938374519348145
68234,10,Jazz,3.8880720138549805,-25.82284927368164
68235,10,Jazz,3.8951869010925293,-24.790817260742188
68330,13,Rock,-30.84438705444336,-4.442062854766846
68333,13,Rock,-29.09967613220215,-4.539816379547119
68334,13,Rock,-30.547060012817383,-4.375772476196289
68340,10,Jazz,-4.618345260620117,32.084896087646484
68341,10,Jazz,8.416607856750488,23.25736427307129
68342,10,Jazz,12.859200477600098,25.569950103759766
68343,10,Jazz,12.43532657623291,29.033531188964844
68344,10,Jazz,-8.8024320602417,26.57254981994629
68421,6,Folk,-10.686162948608398,36.52175521850586
68581,4,Electronic,-2.3641159534454346,2.2341082096099854
68583,4,Electronic,2.548055410385132,3.878559112548828
68584,4,Electronic,-5.241725921630859,-1.9371562004089355
68585,4,Electronic,28.149763107299805,-12.633459091186523
68586,4,Electronic,5.4654765129089355,-6.220935344696045
68749,4,Electronic,-19.94066047668457,15.754258155822754
68751,4,Electronic,20.873510360717773,16.2828426361084
68752,4,Electronic,-20.009321212768555,16.455774307250977
69769,13,Rock,-25.782384872436523,-13.625482559204102
70687,13,Rock,25.977798461914062,21.578290939331055
70693,13,Rock,-25.39768409729004,-1.451162576675415
70695,13,Rock,16.678077697753906,-19.641435623168945
70696,13,Rock,-31.126832962036133,1.4982346296310425
71132,10,Jazz,6.82642126083374,28.067537307739258
71164,4,Electronic,13.600406646728516,-11.299382209777832
71166,4,Electronic,26.954235076904297,-12.79343318939209
71200,4,Electronic,-14.483105659484863,9.256793975830078
71203,4,Electronic,34.15052032470703,5.097418785095215
71362,13,Rock,3.259869337081909,11.289664268493652
71363,13,Rock,-30.051036834716797,-23.100563049316406
71364,13,Rock,-17.11847496032715,-11.464678764343262
71365,13,Rock,-17.973024368286133,-11.387121200561523
71366,13,Rock,-18.76913833618164,-10.588934898376465
71367,13,Rock,-2.423696517944336,-27.0556697845459
71368,13,Rock,-25.57404327392578,-13.093154907226562
71369,13,Rock,-2.831568956375122,-30.05451202392578
71370,13,Rock,-27.369033813476562,-25.89213752746582
71411,4,Electronic,22.84349822998047,-5.790161609649658
71412,4,Electronic,27.256059646606445,-14.394104957580566
71413,4,Electronic,34.70437240600586,-18.044157028198242
71414,4,Electronic,35.68168640136719,-17.913658142089844
71415,4,Electronic,15.182417869567871,-9.810216903686523
71416,4,Electronic,33.58253860473633,-15.023653984069824
71417,4,Electronic,23.418724060058594,-11.6565523147583
71418,4,Electronic,21.1833438873291,-20.524202346801758
71419,4,Electronic,25.973989486694336,-21.0789852142334
71801,4,Electronic,-30.46660804748535,16.337982177734375
71818,4,Electronic,23.501150131225586,1.3277029991149902
71950,4,Electronic,23.87362289428711,-3.756925582885742
71953,4,Electronic,25.767404556274414,1.3208080530166626
71999,4,Electronic,-12.383760452270508,18.49947166442871
72004,4,Electronic,9.311535835266113,-17.359451293945312
72005,4,Electronic,17.924039840698242,-27.921344757080078
72007,4,Electronic,20.025888442993164,-15.41456413269043
73515,13,Rock,-35.70730972290039,-9.502522468566895
73516,13,Rock,-35.91493606567383,-10.506245613098145
73517,13,Rock,-36.137577056884766,-10.159401893615723
73518,13,Rock,-35.295623779296875,-11.248883247375488
73977,13,Rock,-24.48250961303711,-24.083585739135742
74133,4,Electronic,31.488100051879883,-9.750609397888184
74152,4,Electronic,5.550597667694092,1.042103886604309
74153,4,Electronic,13.28746509552002,-8.529541969299316
74154,4,Electronic,-3.767805576324463,2.0529890060424805
74155,4,Electronic,17.510448455810547,-26.204408645629883
74156,4,Electronic,-3.86731219291687,0.3676789104938507
74233,13,Rock,1.816562533378601,-24.84789276123047
74235,13,Rock,-13.347326278686523,-12.486398696899414
74237,13,Rock,-11.469615936279297,-27.176170349121094
75076,7,Hip-Hop,43.09717559814453,4.0854291915893555
75078,7,Hip-Hop,41.837764739990234,5.259227275848389
75079,7,Hip-Hop,39.848690032958984,10.874674797058105
75084,7,Hip-Hop,40.590274810791016,7.226024150848389
75741,4,Electronic,-17.53331756591797,-5.633121967315674
75777,4,Electronic,13.62759017944336,-23.17853546142578
75778,4,Electronic,14.8680419921875,-22.78078269958496
75779,4,Electronic,15.655143737792969,-22.73977279663086
75780,4,Electronic,17.512598037719727,-22.549667358398438
75781,4,Electronic,-13.132208824157715,-5.411877632141113
76029,4,Electronic,25.184154510498047,-22.532075881958008
76030,4,Electronic,14.777582168579102,-9.41315746307373
76031,4,Electronic,21.857006072998047,-27.74323272705078
76032,4,Electronic,25.422584533691406,-22.85506248474121
76033,4,Electronic,13.828726768493652,1.1859846115112305
76091,5,Experimental,3.2499840259552,-4.3354997634887695
77859,4,Electronic,-12.71757984161377,28.76727294921875
77863,4,Electronic,-17.88008689880371,22.808143615722656
77867,4,Electronic,-25.281421661376953,-3.2542343139648438
80010,4,Electronic,12.78523063659668,-6.7549638748168945
80014,4,Electronic,28.885160446166992,-4.316441535949707
80016,4,Electronic,5.285922527313232,1.505793809890747
80018,4,Electronic,29.267711639404297,-12.155056953430176
81072,13,Rock,-18.852832794189453,-31.00834083557129
81073,13,Rock,-18.69687843322754,-31.014358520507812
81074,13,Rock,-17.952314376831055,-28.982141494750977
81081,13,Rock,-17.325504302978516,-28.763521194458008
81232,5,Experimental,-20.435136795043945,-12.212568283081055
81828,4,Electronic,-13.100049018859863,23.132976531982422
81829,4,Electronic,17.4052677154541,5.765732765197754
81830,4,Electronic,16.4842472076416,3.4022135734558105
81831,4,Electronic,23.206789016723633,-13.668670654296875
81832,4,Electronic,17.933116912841797,5.7149739265441895
81833,4,Electronic,-5.999027729034424,27.074020385742188
81834,4,Electronic,17.316343307495117,-16.235633850097656
81869,4,Electronic,14.699148178100586,5.3310065269470215
81874,4,Electronic,-3.197141170501709,-2.0984363555908203
81877,4,Electronic,26.240623474121094,-1.624635934829712
82057,4,Electronic,12.775198936462402,-5.0950798988342285
82060,4,Electronic,21.18999671936035,-2.3891608715057373
82315,4,Electronic,4.006389617919922,-5.324414253234863
82319,4,Electronic,19.895401000976562,-7.046050071716309
82331,4,Electronic,-4.481250762939453,0.3726516664028168
82463,13,Rock,-11.212474822998047,-35.52238464355469
82465,13,Rock,-11.255169868469238,-35.639007568359375
82466,13,Rock,8.106551170349121,-14.189260482788086
82467,13,Rock,13.154719352722168,15.839359283447266
82468,13,Rock,-7.969106197357178,-28.570934295654297
82469,13,Rock,7.868829727172852,-14.257990837097168
82515,7,Hip-Hop,31.73625373840332,2.2621138095855713
82519,7,Hip-Hop,31.366273880004883,1.9778393507003784
82785,7,Hip-Hop,39.199283599853516,2.298434019088745
82786,7,Hip-Hop,42.625240325927734,4.521862983703613
83053,4,Electronic,15.76207160949707,1.3179551362991333
83783,7,Hip-Hop,11.682597160339355,-26.371618270874023
83784,7,Hip-Hop,41.03704071044922,-0.11381196975708008
83857,13,Rock,-32.90787124633789,-8.745037078857422
84105,7,Hip-Hop,26.46065330505371,-5.247134208679199
84108,7,Hip-Hop,37.34718322753906,3.370706081390381
84109,7,Hip-Hop,25.088451385498047,-10.84366512298584
84829,13,Rock,1.6365046501159668,-26.040048599243164
84944,5,Experimental,7.298895835876465,24.086463928222656
86446,4,Electronic,4.079664707183838,-29.39177131652832
86521,5,Experimental,-8.176274299621582,32.15044403076172
87352,4,Electronic,8.061260223388672,-1.3103410005569458
87354,4,Electronic,-9.561777114868164,31.43531608581543
87355,4,Electronic,-22.6097469329834,28.16645050048828
87507,13,Rock,8.863040924072266,30.445369720458984
87509,13,Rock,-31.761743545532227,1.2037690877914429
87511,13,Rock,-29.949731826782227,-10.541315078735352
87515,13,Rock,-25.813730239868164,-19.433422088623047
87516,13,Rock,-8.906571388244629,32.51411819458008
87517,13,Rock,-22.310325622558594,4.928155422210693
89875,13,Rock,-14.475312232971191,25.889423370361328
89878,13,Rock,19.821510314941406,-5.169211387634277
89881,13,Rock,-35.19363021850586,0.9482306838035583
91469,12,Pop,-3.3247673511505127,-24.009878158569336
91470,12,Pop,6.491322040557861,-18.094512939453125
91562,4,Electronic,22.893590927124023,-11.816115379333496
91563,4,Electronic,21.23577880859375,-21.15825653076172
91565,4,Electronic,30.026016235351562,-20.159971237182617
91566,4,Electronic,13.400200843811035,-28.643844604492188
91567,4,Electronic,22.402864456176758,-26.82000732421875
91568,4,Electronic,22.86465072631836,-27.026182174682617
91569,4,Electronic,26.87769317626953,-14.777047157287598
91570,4,Electronic,26.959491729736328,-23.829296112060547
91571,4,Electronic,22.819551467895508,-25.995561599731445
91572,4,Electronic,23.78298568725586,-25.583654403686523
91965,4,Electronic,15.30833911895752,-9.222346305847168
91966,4,Electronic,8.238576889038086,16.973709106445312
91967,4,Electronic,-3.080010175704956,0.30343136191368103
91968,4,Electronic,12.334357261657715,-4.243254661560059
91969,4,Electronic,3.8214550018310547,-1.502979040145874
92367,4,Electronic,14.514836311340332,8.950925827026367
92368,4,Electronic,21.82273292541504,1.6570327281951904
92369,4,Electronic,-17.793943405151367,24.981107711791992
92370,4,Electronic,5.879384517669678,2.8512604236602783
92371,4,Electronic,-21.276519775390625,21.630218505859375
92372,4,Electronic,12.172613143920898,12.945741653442383
92373,4,Electronic,15.274740219116211,14.827546119689941
92374,4,Electronic,17.750471115112305,-3.194956064224243
93089,4,Electronic,9.291682243347168,2.503302574157715
94094,13,Rock,3.2075090408325195,-9.438369750976562
94095,13,Rock,15.828666687011719,2.0502517223358154
94096,13,Rock,-18.480117797851562,6.554774761199951
94097,13,Rock,-14.158305168151855,8.264498710632324
94098,13,Rock,-23.430110931396484,2.849794626235962
94100,13,Rock,13.198786735534668,-15.808938980102539
94726,4,Electronic,-14.3263578414917,22.66520118713379
94727,4,Electronic,-2.0555031299591064,26.78517723083496
94728,4,Electronic,19.792743682861328,3.9826717376708984
94729,4,Electronic,3.559451103210449,23.19416618347168
94730,4,Electronic,13.808924674987793,-1.510611891746521
94731,4,Electronic,20.311979293823242,3.748946189880371
94790,4,Electronic,14.069933891296387,-18.68360137939453
94791,4,Electronic,14.355566024780273,-18.506052017211914
94794,4,Electronic,21.745136260986328,10.927695274353027
94795,4,Electronic,22.80152130126953,-15.181198120117188
94796,4,Electronic,25.138822555541992,-12.863697052001953
94797,4,Electronic,17.67983055114746,-16.967430114746094
94798,4,Electronic,31.00433349609375,-12.094454765319824
94799,4,Electronic,5.06446647644043,-29.368038177490234
94801,4,Electronic,25.822528839111328,-12.370275497436523
94857,13,Rock,-19.45350456237793,-7.652327060699463
95360,4,Electronic,13.868308067321777,0.9423063397407532
95475,12,Pop,4.965903282165527,2.5136115550994873
95526,13,Rock,-11.870678901672363,1.6804970502853394
95558,5,Experimental,-29.115955352783203,14.544692039489746
95628,4,Electronic,25.145376205444336,-0.3140352666378021
95629,4,Electronic,-0.02903592959046364,1.8014048337936401
95630,4,Electronic,-0.4672453701496124,-1.4043858051300049
96094,4,Electronic,0.17538325488567352,-5.494852066040039
96096,4,Electronic,-4.095462799072266,1.5528404712677002
96098,4,Electronic,9.237136840820312,-8.209748268127441
96099,4,Electronic,0.943002462387085,-3.779090166091919
96100,4,Electronic,-4.97038459777832,-0.3046558201313019
96101,4,Electronic,-13.684310913085938,25.93351936340332
96102,4,Electronic,-18.967426300048828,25.926252365112305
96103,4,Electronic,-15.061774253845215,5.147810935974121
96104,4,Electronic,5.344866752624512,3.521063804626465
96105,13,Rock,-32.657920837402344,3.7990570068359375
96108,13,Rock,-32.90864944458008,3.1819705963134766
96109,13,Rock,-32.386653900146484,3.4158496856689453
96110,13,Rock,-30.637794494628906,3.8577733039855957
96111,13,Rock,-33.27751922607422,2.545665740966797
96278,13,Rock,7.657615661621094,28.68834114074707
96284,13,Rock,14.271184921264648,20.689302444458008
96287,13,Rock,-1.9848594665527344,22.243610382080078
96292,13,Rock,-9.112914085388184,-22.792129516601562
96294,13,Rock,11.971177101135254,12.486259460449219
96297,13,Rock,-7.2557196617126465,-27.706829071044922
96298,13,Rock,-16.371551513671875,-24.4661808013916
96721,6,Folk,1.299443244934082,13.11170768737793
96722,6,Folk,1.543382167816162,13.083623886108398
96723,6,Folk,-1.3484251499176025,12.583134651184082
96724,6,Folk,-0.5941433310508728,12.232101440429688
96725,6,Folk,-1.0080735683441162,12.27969741821289
97232,13,Rock,-18.84787940979004,-19.20930290222168
97680,4,Electronic,-18.290283203125,7.237548828125
97682,4,Electronic,2.180239200592041,-7.418779373168945
97683,4,Electronic,-1.3340083360671997,1.1253570318222046
97684,4,Electronic,-9.148053169250488,-0.9043251276016235
97685,4,Electronic,-12.023807525634766,27.374387741088867
97686,4,Electronic,1.799556851387024,-7.63555908203125
97687,4,Electronic,-26.67765998840332,10.139423370361328
97688,4,Electronic,0.9997230172157288,-4.2614054679870605
98045,5,Experimental,-20.369993209838867,26.959213256835938
98078,4,Electronic,20.555253982543945,-4.396695137023926
98080,4,Electronic,26.969051361083984,-19.681089401245117
98085,4,Electronic,-25.798919677734375,-30.3311824798584
98091,4,Electronic,-6.1761555671691895,-3.77588152885437
98099,4,Electronic,-4.723228931427002,-6.157773017883301
98101,4,Electronic,-3.5957393646240234,-5.916354179382324
98102,4,Electronic,15.088174819946289,-4.959995269775391
98109,4,Electronic,-5.8966474533081055,-4.6988749504089355
98111,4,Electronic,25.88129425048828,-3.961390972137451
98112,4,Electronic,26.01403045654297,-19.462627410888672
98118,4,Electronic,6.68952751159668,-3.5980451107025146
98128,4,Electronic,13.345613479614258,-25.707712173461914
98130,4,Electronic,-6.077045440673828,-6.691408634185791
98157,4,Electronic,-15.249105453491211,-5.430929660797119
98191,5,Experimental,-30.523178100585938,10.336917877197266
98200,5,Experimental,-22.477506637573242,28.099613189697266
98314,9,International,3.29069447517395,-24.626758575439453
98347,9,International,2.954207181930542,-27.533096313476562
98721,4,Electronic,25.807260513305664,-4.1733927726745605
98723,4,Electronic,34.185237884521484,-13.025497436523438
98726,4,Electronic,10.299895286560059,-6.0919952392578125
99074,7,Hip-Hop,19.231290817260742,22.276247024536133
99075,7,Hip-Hop,43.06203079223633,5.918924808502197
99079,7,Hip-Hop,42.63410186767578,7.401931285858154
99080,7,Hip-Hop,43.40836715698242,5.586334228515625
99082,7,Hip-Hop,43.78498077392578,8.491729736328125
99084,7,Hip-Hop,42.45392608642578,8.43761920928955
99085,7,Hip-Hop,43.303916931152344,8.195146560668945
99086,7,Hip-Hop,43.5784912109375,6.789360523223877
99087,7,Hip-Hop,43.2822380065918,9.748278617858887
99088,7,Hip-Hop,43.88569641113281,9.160835266113281
99089,7,Hip-Hop,30.39765167236328,-17.106290817260742
99091,7,Hip-Hop,42.243446350097656,9.211827278137207
99092,7,Hip-Hop,38.692176818847656,4.983273029327393
99094,7,Hip-Hop,42.773372650146484,8.781594276428223
99642,4,Electronic,4.730821132659912,-4.813676357269287
99650,4,Electronic,-7.107391834259033,-19.186580657958984
99652,4,Electronic,20.349781036376953,-5.868732929229736
101123,13,Rock,-15.733818054199219,-12.143101692199707
101128,13,Rock,-31.925342559814453,-10.664804458618164
101131,13,Rock,5.917014122009277,25.036466598510742
101943,13,Rock,-32.730796813964844,-12.127321243286133
101944,13,Rock,-32.44264221191406,-12.473162651062012
101946,13,Rock,-31.8622989654541,-12.759833335876465
101947,13,Rock,-32.50532150268555,-12.300919532775879
101948,13,Rock,-31.883037567138672,-12.601983070373535
101949,13,Rock,-32.351078033447266,-12.85513973236084
101950,13,Rock,-31.773578643798828,-13.004799842834473
102178,13,Rock,-15.42957878112793,-9.560009956359863
102179,13,Rock,-14.068687438964844,-6.0412702560424805
102181,13,Rock,-14.753890991210938,-8.771181106567383
102182,13,Rock,-14.917887687683105,-8.850872039794922
102184,13,Rock,-24.83075523376465,-6.543192386627197
102185,13,Rock,-25.511333465576172,-7.054135799407959
102186,13,Rock,-18.741138458251953,-6.963029861450195
102187,13,Rock,-18.8447265625,-7.658209800720215
102188,13,Rock,-25.139097213745117,-6.761878967285156
102189,13,Rock,-17.55224609375,-9.456405639648438
102190,13,Rock,-18.927627563476562,-7.692167282104492
102197,4,Electronic,5.231024265289307,-0.3418431282043457
102198,4,Electronic,-8.40086555480957,10.434589385986328
102199,4,Electronic,-19.4030704498291,25.23198890686035
102200,4,Electronic,-24.751428604125977,18.273332595825195
102201,4,Electronic,15.394750595092773,-6.3597846031188965
102202,4,Electronic,22.203025817871094,14.805279731750488
102204,4,Electronic,5.153506278991699,-2.497150182723999
102205,4,Electronic,28.861032485961914,-12.115743637084961
102207,4,Electronic,-22.488618850708008,20.830759048461914
102208,4,Electronic,11.905961036682129,-1.5192495584487915
102209,4,Electronic,-3.231572389602661,-1.7993494272232056
102210,4,Electronic,-12.038838386535645,25.298826217651367
102211,4,Electronic,17.577064514160156,-4.447405815124512
104624,5,Experimental,19.686458587646484,15.733514785766602
105094,13,Rock,-32.44948196411133,-8.057906150817871
105095,13,Rock,-32.17222213745117,-5.847004413604736
105096,13,Rock,-21.211774826049805,-1.4975935220718384
105098,13,Rock,-32.76723098754883,-5.773067951202393
105099,13,Rock,-32.75092315673828,-5.830035209655762
105100,13,Rock,-31.89449691772461,-10.177873611450195
105101,13,Rock,-32.421363830566406,-6.3926777839660645
105102,13,Rock,-32.509151458740234,-7.096285820007324
105143,13,Rock,18.09527015686035,-12.963133811950684
105972,13,Rock,5.2034101486206055,30.94681739807129
106199,13,Rock,-25.85569190979004,11.828862190246582
106506,13,Rock,-21.81523323059082,2.42177414894104
106507,13,Rock,-14.141233444213867,-24.502544403076172
106508,13,Rock,-13.76235294342041,-24.74850082397461
106509,13,Rock,-14.067473411560059,-24.012046813964844
106510,13,Rock,-12.408439636230469,-29.590707778930664
106511,13,Rock,-10.732783317565918,-23.647918701171875
106512,13,Rock,-9.294260025024414,-20.253236770629883
106626,8,Instrumental,-17.211261749267578,27.34480094909668
106627,8,Instrumental,-21.49359703063965,21.567834854125977
106630,4,Electronic,7.246699810028076,-0.22889283299446106
106632,4,Electronic,-14.935430526733398,27.14501953125
106634,4,Electronic,-9.858787536621094,22.758373260498047
106635,4,Electronic,8.00623607635498,-5.838668346405029
106637,4,Electronic,7.780378818511963,-0.8198994398117065
106639,4,Electronic,0.18447549641132355,-1.4628955125808716
106868,13,Rock,-10.113944053649902,6.85139274597168
106869,13,Rock,-23.216228485107422,-6.6868896484375
106870,13,Rock,-10.746002197265625,3.8337790966033936
106871,13,Rock,-19.576210021972656,3.7119643688201904
106873,13,Rock,-18.56693458557129,8.276288986206055
106874,13,Rock,-10.653413772583008,3.9403645992279053
106875,13,Rock,-1.8701196908950806,-24.14260482788086
106892,13,Rock,-15.944594383239746,29.94463539123535
106893,13,Rock,-12.291397094726562,26.062726974487305
107073,13,Rock,-30.09225082397461,3.979482650756836
107075,13,Rock,-23.45987892150879,-4.64540433883667
107076,13,Rock,-12.083051681518555,6.855053901672363
107077,13,Rock,-10.594941139221191,-29.712303161621094
107084,13,Rock,-17.102521896362305,-24.07539939880371
107802,7,Hip-Hop,39.77583312988281,8.194122314453125
109092,4,Electronic,-14.492053985595703,28.044343948364258
109093,4,Electronic,11.589146614074707,-0.7532379627227783
109094,4,Electronic,19.93140411376953,-15.594850540161133
109095,4,Electronic,9.869914054870605,-0.9452869892120361
109096,4,Electronic,25.747093200683594,3.37142014503479
109097,4,Electronic,5.184501647949219,-0.8525368571281433
109098,4,Electronic,13.719173431396484,-17.497154235839844
109099,4,Electronic,-27.33567237854004,15.74544620513916
109100,4,Electronic,6.739910125732422,-8.372692108154297
109101,4,Electronic,30.887760162353516,-11.990647315979004
109102,4,Electronic,4.009010314941406,-1.244956612586975
109103,4,Electronic,8.105920791625977,31.76598358154297
109104,4,Electronic,-16.273231506347656,29.786895751953125
109436,13,Rock,-26.213815689086914,12.788309097290039
109438,13,Rock,-20.671459197998047,9.416953086853027
109442,13,Rock,-20.81310272216797,8.830516815185547
109443,13,Rock,-21.334205627441406,8.670459747314453
109444,13,Rock,-24.743974685668945,13.416410446166992
110075,7,Hip-Hop,38.9792594909668,5.857871055603027
110076,7,Hip-Hop,39.09486770629883,5.379756927490234
110077,7,Hip-Hop,39.275245666503906,6.53933048248291
110078,7,Hip-Hop,23.824066162109375,1.4137682914733887
110079,7,Hip-Hop,35.47309875488281,5.915475845336914
110080,7,Hip-Hop,40.85866165161133,6.105976104736328
110081,7,Hip-Hop,41.181941986083984,5.469674587249756
110083,7,Hip-Hop,42.57115936279297,2.9613261222839355
110742,7,Hip-Hop,38.158695220947266,2.539208173751831
110758,7,Hip-Hop,40.77840805053711,8.521652221679688
110760,7,Hip-Hop,38.01530456542969,8.147976875305176
110761,7,Hip-Hop,10.122176170349121,16.501264572143555
110762,7,Hip-Hop,42.09120559692383,3.47219181060791
110763,7,Hip-Hop,35.215919494628906,-7.736239433288574
110766,7,Hip-Hop,41.18711853027344,10.01046085357666
110767,7,Hip-Hop,39.61095428466797,2.7799017429351807
110769,7,Hip-Hop,38.93092346191406,3.3082311153411865
110770,7,Hip-Hop,40.41256332397461,6.368350982666016
110773,7,Hip-Hop,43.59247589111328,4.752562046051025
111217,5,Experimental,-14.407333374023438,-30.598058700561523
111219,5,Experimental,-5.867298603057861,21.64850425720215
111798,13,Rock,-12.58214282989502,1.8824594020843506
111799,13,Rock,-3.2759146690368652,-19.01005744934082
111800,13,Rock,-2.755096197128296,-17.3494815826416
111801,13,Rock,3.7961575984954834,-32.51313400268555
111802,13,Rock,-2.402597427368164,12.24772834777832
111803,13,Rock,-20.629133224487305,-12.083470344543457
111804,13,Rock,-20.8623046875,3.4759483337402344
111805,13,Rock,-3.411656379699707,25.579744338989258
111806,13,Rock,-11.32529354095459,-8.386816024780273
111807,13,Rock,-25.121631622314453,-12.847428321838379
111995,8,Instrumental,-19.956012725830078,22.616899490356445
111996,8,Instrumental,-24.270524978637695,22.143775939941406
111997,8,Instrumental,-23.377290725708008,21.020431518554688
111998,8,Instrumental,-28.87157440185547,19.65760040283203
111999,8,Instrumental,-25.947025299072266,18.54181671142578
112441,7,Hip-Hop,35.5272331237793,5.947833061218262
112442,7,Hip-Hop,42.26137161254883,6.292853832244873
112455,7,Hip-Hop,11.518342018127441,-26.701520919799805
112460,7,Hip-Hop,39.170494079589844,0.9452349543571472
112461,7,Hip-Hop,27.475658416748047,-16.850908279418945
112462,7,Hip-Hop,38.301029205322266,0.9387847781181335
112465,7,Hip-Hop,11.103011131286621,-6.500324726104736
112467,7,Hip-Hop,-9.068900108337402,-8.330212593078613
112470,7,Hip-Hop,36.80483627319336,6.250411033630371
112474,7,Hip-Hop,41.23954772949219,2.619446039199829
112475,7,Hip-Hop,42.58174514770508,5.053623199462891
112476,7,Hip-Hop,28.256315231323242,-15.779247283935547
112477,7,Hip-Hop,9.718671798706055,-6.093042850494385
112478,7,Hip-Hop,33.595829010009766,-9.23303508758545
112479,7,Hip-Hop,41.10556411743164,1.3019819259643555
112480,7,Hip-Hop,33.407310485839844,-8.300738334655762
112482,7,Hip-Hop,33.3013916015625,-12.932723999023438
112792,5,Experimental,-22.106285095214844,-8.098713874816895
112793,5,Experimental,-6.6364030838012695,29.890869140625
113202,5,Experimental,-24.450984954833984,-10.976959228515625
114203,8,Instrumental,-10.805821418762207,31.494033813476562
114204,8,Instrumental,-7.6244096755981445,30.508167266845703
114205,8,Instrumental,-6.4302167892456055,39.946563720703125
114206,8,Instrumental,-6.696866989135742,37.50069046020508
114207,8,Instrumental,-9.19938850402832,33.28056335449219
114209,8,Instrumental,-0.5367245078086853,19.818639755249023
114210,8,Instrumental,-7.747097015380859,14.683492660522461
114211,8,Instrumental,-2.976255178451538,15.993597984313965
114213,8,Instrumental,-3.1635286808013916,14.840628623962402
114215,8,Instrumental,-4.362511157989502,16.136804580688477
114216,8,Instrumental,-7.6190314292907715,38.260719299316406
114217,8,Instrumental,-4.913240909576416,22.393186569213867
114219,8,Instrumental,-9.414321899414062,36.73218536376953
114220,8,Instrumental,-0.33449575304985046,16.584989547729492
114221,8,Instrumental,-9.055978775024414,40.11870574951172
114645,13,Rock,2.434260368347168,9.886557579040527
114975,5,Experimental,-17.45983123779297,21.064668655395508
115000,8,Instrumental,-1.0406548976898193,21.641159057617188
115001,8,Instrumental,-10.855924606323242,38.50918197631836
115003,8,Instrumental,-8.510937690734863,38.73658752441406
115004,8,Instrumental,-15.66026496887207,13.590434074401855
115005,8,Instrumental,-3.7122817039489746,17.464107513427734
115006,8,Instrumental,0.0052908663637936115,22.284557342529297
115007,8,Instrumental,-10.208589553833008,39.73207473754883
115008,8,Instrumental,-3.7819788455963135,18.782421112060547
115009,8,Instrumental,-4.105666160583496,17.91408348083496
115171,8,Instrumental,-15.005298614501953,21.66681671142578
115172,8,Instrumental,-16.351810455322266,18.056110382080078
115173,8,Instrumental,-10.805811882019043,31.494043350219727
116173,8,Instrumental,-3.1635286808013916,14.840628623962402
116174,8,Instrumental,-0.5367245078086853,19.818639755249023
116191,13,Rock,-9.667325019836426,38.74041748046875
116195,13,Rock,-2.9761760234832764,15.993489265441895
116199,13,Rock,-9.055944442749023,40.11865997314453
116200,13,Rock,-8.210287094116211,32.87468719482422
116201,13,Rock,-10.180120468139648,39.93705368041992
116202,13,Rock,-9.414349555969238,36.732139587402344
116203,13,Rock,-8.469442367553711,39.48611068725586
116384,7,Hip-Hop,-14.274971961975098,24.506290435791016
116385,7,Hip-Hop,30.391565322875977,-9.594037055969238
116386,7,Hip-Hop,19.088232040405273,4.607961654663086
116387,7,Hip-Hop,17.4659366607666,20.255708694458008
116391,7,Hip-Hop,-13.480525016784668,23.448457717895508
116405,7,Hip-Hop,15.355262756347656,8.874229431152344
116406,7,Hip-Hop,38.96150588989258,9.28986644744873
116408,7,Hip-Hop,23.837535858154297,3.672912836074829
116411,1,Classical,6.758625030517578,36.40611267089844
116412,1,Classical,7.354934215545654,36.989768981933594
116563,4,Electronic,-16.180614471435547,23.556215286254883
116564,4,Electronic,15.159960746765137,8.832160949707031
116567,4,Electronic,15.833977699279785,6.029672622680664
116569,4,Electronic,1.4502472877502441,3.1695094108581543
116570,4,Electronic,14.515583992004395,-14.623847961425781
116571,4,Electronic,8.852729797363281,-13.546440124511719
116572,4,Electronic,-15.271056175231934,25.001934051513672
116573,4,Electronic,15.278176307678223,-12.316262245178223
116574,4,Electronic,16.37162208557129,5.182751655578613
116575,4,Electronic,1.1832666397094727,3.134016752243042
116577,4,Electronic,-6.581342697143555,21.575939178466797
116578,4,Electronic,16.44487953186035,6.073795795440674
116579,4,Electronic,15.173312187194824,9.956526756286621
116886,4,Electronic,18.356000900268555,-25.522972106933594
116887,4,Electronic,23.316532135009766,-18.749208450317383
116888,4,Electronic,26.04433250427246,-22.71636199951172
116889,4,Electronic,20.275724411010742,-27.054580688476562
116890,4,Electronic,12.356334686279297,-4.984429836273193
116911,13,Rock,-9.877593040466309,37.537376403808594
116912,13,Rock,-10.855924606323242,38.50918197631836
116913,13,Rock,-8.542564392089844,37.358760833740234
117089,8,Instrumental,-4.263081073760986,28.550033569335938
117227,13,Rock,-7.893178939819336,-25.1887264251709
117230,13,Rock,-7.38893461227417,-24.693159103393555
117234,13,Rock,-8.39628791809082,-25.036046981811523
117235,13,Rock,-12.014559745788574,-25.432228088378906
117236,13,Rock,-7.8658552169799805,-30.63103485107422
117237,13,Rock,-8.335018157958984,-24.98738670349121
117616,8,Instrumental,-10.743099212646484,25.03143882751465
117617,8,Instrumental,-13.348526000976562,26.43289566040039
117618,8,Instrumental,-14.794514656066895,29.705272674560547
117619,8,Instrumental,-8.681463241577148,23.697967529296875
117620,8,Instrumental,-2.3462648391723633,20.952205657958984
117621,8,Instrumental,-16.520536422729492,22.54818344116211
117622,8,Instrumental,-6.135159969329834,26.70441246032715
117623,8,Instrumental,4.998765468597412,29.971290588378906
117624,8,Instrumental,-15.123172760009766,30.731403350830078
117625,8,Instrumental,-8.158326148986816,30.946748733520508
117650,5,Experimental,-37.82763671875,-0.9043417572975159
117659,5,Experimental,14.964258193969727,20.696882247924805
117843,5,Experimental,-16.018238067626953,21.248971939086914
117848,5,Experimental,-14.367925643920898,25.696868896484375
117850,5,Experimental,8.29936695098877,-20.910640716552734
117878,13,Rock,-19.99529457092285,2.0591304302215576
117879,13,Rock,-24.098093032836914,8.518665313720703
117880,13,Rock,-19.64864730834961,1.4277443885803223
117881,13,Rock,-19.71944236755371,1.8688833713531494
117882,13,Rock,-21.851842880249023,-1.2570412158966064
118251,5,Experimental,-28.85344696044922,11.075359344482422
118256,5,Experimental,-9.080061912536621,-19.297470092773438
118400,5,Experimental,-4.492980480194092,36.45263671875
118405,5,Experimental,30.849172592163086,1.989106297492981
118493,5,Experimental,11.759551048278809,15.066221237182617
118518,13,Rock,-22.713565826416016,-7.124913692474365
119149,4,Electronic,10.506462097167969,-6.073907375335693
119152,4,Electronic,-11.295225143432617,22.094810485839844
119391,5,Experimental,2.785661220550537,25.721160888671875
119394,5,Experimental,14.992706298828125,17.168746948242188
119587,12,Pop,8.639281272888184,-13.108607292175293
119594,12,Pop,13.204818725585938,25.480409622192383
119822,8,Instrumental,2.2924532890319824,25.7807674407959
119823,8,Instrumental,-0.3344894349575043,16.58500862121582
119824,8,Instrumental,-3.35512113571167,16.373483657836914
119826,8,Instrumental,-7.896349906921387,38.55949783325195
119827,8,Instrumental,-9.102463722229004,34.249114990234375
119829,8,Instrumental,-3.781918525695801,18.782480239868164
120165,5,Experimental,4.749082565307617,27.0146541595459
120168,5,Experimental,16.240732192993164,-15.866424560546875
120169,5,Experimental,-10.295380592346191,29.457685470581055
120182,12,Pop,14.712584495544434,-3.7671258449554443
120191,12,Pop,12.7435884475708,-14.65738296508789
121412,13,Rock,-7.434530258178711,6.079574108123779
121413,13,Rock,-15.98402214050293,9.568766593933105
121414,13,Rock,-16.674705505371094,17.496604919433594
121416,13,Rock,-4.746978759765625,15.338274002075195
121429,5,Experimental,-19.50773811340332,10.913698196411133
121430,5,Experimental,-15.96174144744873,-19.787038803100586
121433,5,Experimental,-25.24486541748047,16.58882713317871
121434,5,Experimental,-16.171833038330078,3.6451008319854736
121435,5,Experimental,-15.564184188842773,16.31142234802246
121828,5,Experimental,22.282649993896484,14.871343612670898
121849,5,Experimental,14.546937942504883,27.659770965576172
121997,5,Experimental,-24.433252334594727,14.931612968444824
122536,12,Pop,-3.7726364135742188,10.262301445007324
122541,11,Old-Time / Historic,21.952651977539062,38.27608871459961
122542,11,Old-Time / Historic,5.247009754180908,40.979740142822266
122609,13,Rock,-24.003681182861328,-5.511622905731201
122610,13,Rock,-15.775107383728027,3.2577691078186035
122611,13,Rock,-23.653522491455078,-4.713457107543945
122612,13,Rock,-22.25893783569336,-5.706298828125
122613,13,Rock,-24.27910804748535,-3.052124500274658
122702,11,Old-Time / Historic,14.00948715209961,38.21127700805664
122871,11,Old-Time / Historic,23.31662940979004,36.13945007324219
122876,11,Old-Time / Historic,20.625579833984375,40.28146743774414
122883,11,Old-Time / Historic,21.885658264160156,39.903160095214844
122897,11,Old-Time / Historic,26.753522872924805,23.995275497436523
122909,11,Old-Time / Historic,23.463428497314453,40.07884216308594
122948,8,Instrumental,-5.060924530029297,32.088321685791016
123101,13,Rock,-9.207478523254395,-34.307579040527344
123102,13,Rock,-6.872960567474365,-27.44335174560547
123103,13,Rock,-6.264203071594238,-26.98724365234375
123104,13,Rock,-6.50119161605835,-20.929264068603516
123105,13,Rock,-7.156605243682861,-20.22090721130371
123106,13,Rock,-6.4332756996154785,-26.50602149963379
123377,11,Old-Time / Historic,21.682594299316406,37.152252197265625
123380,11,Old-Time / Historic,21.699106216430664,34.73038864135742
123908,13,Rock,-20.0382137298584,15.683993339538574
123909,13,Rock,-32.32209014892578,0.18240246176719666
123912,13,Rock,-31.508411407470703,0.9492023587226868
123913,13,Rock,-24.311372756958008,-2.645233154296875
124387,13,Rock,-27.429746627807617,3.8786401748657227
124388,13,Rock,-15.370833396911621,16.984649658203125
124389,13,Rock,-7.247409820556641,37.805904388427734
124390,13,Rock,-26.744903564453125,3.694643259048462
124416,11,Old-Time / Historic,18.08684730529785,38.497459411621094
124419,11,Old-Time / Historic,22.20706558227539,37.4112548828125
124420,11,Old-Time / Historic,20.656858444213867,37.31446838378906
124492,13,Rock,-28.519832611083984,-14.241209983825684
124496,13,Rock,-28.889760971069336,-13.665898323059082
124497,13,Rock,-28.384132385253906,-14.074214935302734
125109,11,Old-Time / Historic,18.537036895751953,37.896240234375
125119,11,Old-Time / Historic,17.94577980041504,39.134883880615234
125292,4,Electronic,32.557369232177734,-16.726144790649414
125594,15,Spoken,28.0023250579834,20.99677085876465
125596,15,Spoken,25.910369873046875,20.602825164794922
125597,15,Spoken,27.03028678894043,21.558490753173828
125600,15,Spoken,24.2816162109375,17.907939910888672
125603,15,Spoken,27.191120147705078,21.95663070678711
125605,15,Spoken,26.91071319580078,18.188209533691406
125606,15,Spoken,24.3830509185791,19.30940818786621
125607,15,Spoken,19.024503707885742,21.77495574951172
125609,15,Spoken,27.928831100463867,22.02096939086914
125610,15,Spoken,25.307018280029297,19.353412628173828
127048,2,Country,-7.666175365447998,-15.124021530151367
127049,2,Country,-1.1589045524597168,-24.456201553344727
127050,2,Country,-2.099229335784912,-30.325660705566406
127051,2,Country,-1.6993123292922974,-26.277538299560547
127052,2,Country,3.483626127243042,-28.298038482666016
127053,2,Country,-1.404791235923767,-28.39570426940918
127054,2,Country,-2.3795504570007324,-26.37209129333496
127055,2,Country,-1.2541149854660034,-29.431251525878906
127056,2,Country,-1.1792898178100586,-30.714279174804688
127057,2,Country,0.2458258867263794,-29.73914337158203
127058,2,Country,-1.228050708770752,-30.794998168945312
127059,2,Country,2.097031831741333,-31.569604873657227
127060,2,Country,-1.9421290159225464,-29.996337890625
127061,2,Country,-2.0210397243499756,-29.427101135253906
127326,13,Rock,-22.86590576171875,9.212385177612305
127327,13,Rock,-25.42377281188965,10.621407508850098
127328,13,Rock,-19.43771743774414,7.4799981117248535
127329,13,Rock,-22.547954559326172,9.31473159790039
127482,5,Experimental,8.708721160888672,17.0931339263916
127544,13,Rock,-16.431068420410156,-18.05384635925293
127545,13,Rock,1.7734884023666382,-9.861029624938965
127546,13,Rock,-26.883525848388672,-15.65096664428711
127547,13,Rock,-25.925146102905273,-15.915582656860352
127548,13,Rock,-2.1678168773651123,-25.8879337310791
127549,13,Rock,-14.983304977416992,4.409002304077148
127551,13,Rock,-25.747276306152344,-15.167613983154297
127552,13,Rock,-25.368057250976562,-16.34176254272461
127553,13,Rock,-14.418811798095703,4.168375492095947
127554,13,Rock,-26.005115509033203,-15.2709379196167
127555,13,Rock,-24.84183120727539,-16.610435485839844
127556,13,Rock,3.890315532684326,16.26161003112793
127557,13,Rock,-17.76800537109375,-0.11347591876983643
127558,13,Rock,-9.912280082702637,8.836889266967773
128478,4,Electronic,9.086261749267578,-6.594999313354492
128499,13,Rock,-27.36454963684082,-17.915388107299805
128884,8,Instrumental,8.139627456665039,31.788942337036133
128993,13,Rock,-25.98796844482422,-21.631898880004883
128994,13,Rock,-22.609819412231445,-23.61570930480957
128999,13,Rock,-26.056659698486328,-10.876317024230957
129001,13,Rock,-26.072399139404297,-21.878202438354492
129235,5,Experimental,15.792665481567383,20.213233947753906
129236,5,Experimental,12.681448936462402,8.186083793640137
129242,5,Experimental,-16.139999389648438,20.024066925048828
129243,5,Experimental,-5.738217353820801,18.24798011779785
129244,5,Experimental,-17.198848724365234,17.824237823486328
129270,13,Rock,-30.276288986206055,0.5994576811790466
129272,13,Rock,-33.58784103393555,-9.029187202453613
129273,13,Rock,-29.215198516845703,0.44340553879737854
129275,13,Rock,-29.496400833129883,0.37460556626319885
129449,13,Rock,-25.21165657043457,-24.314453125
129450,13,Rock,-31.688182830810547,-9.237117767333984
129452,13,Rock,-25.700382232666016,-21.926454544067383
129453,13,Rock,-21.85784149169922,-26.999372482299805
129454,13,Rock,-18.36284637451172,-23.225730895996094
129455,13,Rock,-21.70938491821289,-27.082862854003906
129610,5,Experimental,16.018312454223633,16.833465576171875
129698,4,Electronic,29.579524993896484,-19.642404556274414
129699,4,Electronic,28.071731567382812,-17.778474807739258
129700,4,Electronic,28.97059440612793,-19.438535690307617
129701,4,Electronic,13.343412399291992,-7.9126410484313965
129702,4,Electronic,20.462947845458984,-6.264551162719727
129703,4,Electronic,25.03531837463379,-10.370879173278809
129849,13,Rock,-10.25438117980957,-26.642154693603516
129850,13,Rock,-12.297656059265137,-25.330089569091797
129851,13,Rock,-9.702681541442871,-27.541955947875977
129852,13,Rock,-10.308226585388184,-27.748010635375977
129853,13,Rock,-10.493871688842773,-28.474201202392578
129854,13,Rock,-10.152992248535156,-25.8024959564209
129855,13,Rock,-10.098993301391602,-25.240144729614258
129856,13,Rock,-10.179405212402344,-28.18531608581543
129857,13,Rock,-9.6852388381958,-27.16334342956543
129858,13,Rock,-10.015897750854492,-26.782310485839844
129865,13,Rock,-25.59716033935547,-27.676130294799805
129867,13,Rock,-19.846202850341797,-23.063682556152344
129868,13,Rock,-10.206512451171875,7.429357051849365
129869,13,Rock,-19.268943786621094,-23.304012298583984
129870,13,Rock,-19.708538055419922,-23.243511199951172
130246,13,Rock,-23.347854614257812,-21.3261775970459
130247,13,Rock,-34.71723175048828,-12.471186637878418
130248,13,Rock,-31.340293884277344,-19.099102020263672
131455,13,Rock,-23.825347900390625,-18.762636184692383
131456,13,Rock,-23.985109329223633,-19.051700592041016
131457,13,Rock,-17.6892147064209,-24.2886905670166
131458,13,Rock,-4.318775653839111,-25.024538040161133
131459,13,Rock,6.68121337890625,-18.17862319946289
131460,13,Rock,-15.466641426086426,-27.702226638793945
131461,13,Rock,1.081392765045166,10.541197776794434
131462,13,Rock,-16.444591522216797,-19.40243911743164
131962,11,Old-Time / Historic,18.17955207824707,39.28068161010742
132161,13,Rock,-23.564638137817383,-6.695682048797607
132162,13,Rock,-14.800110816955566,-3.278665542602539
132163,13,Rock,-26.744882583618164,-20.1601619720459
132164,13,Rock,-25.150075912475586,-4.815763473510742
132165,13,Rock,-23.5684757232666,-7.389580249786377
132166,13,Rock,-18.480545043945312,-18.907657623291016
132167,13,Rock,-24.562368392944336,-5.686623573303223
132168,13,Rock,-24.645896911621094,-8.6160249710083
132169,13,Rock,-16.77937889099121,-2.1081297397613525
132170,13,Rock,0.9779577851295471,-5.817554473876953
132435,5,Experimental,24.372547149658203,11.411872863769531
132439,4,Electronic,7.809329032897949,-1.2881135940551758
132440,4,Electronic,24.71940040588379,-12.241823196411133
132442,4,Electronic,-2.391838312149048,-7.223721504211426
132443,4,Electronic,27.279081344604492,-14.642633438110352
132444,4,Electronic,3.7560482025146484,-10.580777168273926
132445,4,Electronic,-2.771174907684326,17.101606369018555
132446,4,Electronic,-20.522090911865234,11.638461112976074
132447,4,Electronic,3.9636385440826416,-9.157660484313965
133334,8,Instrumental,-6.511523723602295,39.60535430908203
133488,13,Rock,-26.47125244140625,-29.012611389160156
133490,13,Rock,-24.85324478149414,-26.605892181396484
133493,13,Rock,-32.436363220214844,-8.940305709838867
133775,10,Jazz,-4.407060146331787,20.265174865722656
133841,8,Instrumental,7.891805171966553,27.007080078125
134479,5,Experimental,-17.216331481933594,29.183210372924805
134547,4,Electronic,31.59068489074707,-20.00659942626953
134548,4,Electronic,22.971908569335938,-18.322580337524414
134549,4,Electronic,29.51917839050293,-16.944080352783203
134550,4,Electronic,29.15030860900879,-17.878219604492188
134551,4,Electronic,29.967166900634766,-23.436885833740234
134553,4,Electronic,30.8640079498291,-13.798880577087402
136048,13,Rock,-8.368709564208984,13.78027057647705
136049,13,Rock,-12.747849464416504,28.32524299621582
136050,13,Rock,-8.492568016052246,11.424521446228027
136051,13,Rock,-8.589777946472168,11.087550163269043
136052,13,Rock,-7.909407138824463,12.668336868286133
136053,13,Rock,-8.078652381896973,13.57107162475586
136544,13,Rock,-19.332731246948242,-4.290782451629639
136545,13,Rock,-25.872732162475586,-10.480450630187988
136546,13,Rock,-30.932100296020508,-7.691895961761475
136547,13,Rock,-27.57447052001953,-1.6608978509902954
136548,13,Rock,-25.99890899658203,-3.119199752807617
137013,13,Rock,-13.003713607788086,-10.293707847595215
137556,5,Experimental,-21.922353744506836,24.516244888305664
137603,13,Rock,-21.902734756469727,5.651984214782715
137604,13,Rock,-24.61408042907715,7.287853240966797
137606,13,Rock,-24.791168212890625,7.070440292358398
137607,13,Rock,-21.336992263793945,5.718783378601074
137608,13,Rock,-22.290983200073242,5.969106197357178
137609,13,Rock,-33.70743179321289,-2.251253843307495
137625,13,Rock,-29.386112213134766,7.430485248565674
137629,13,Rock,-22.784927368164062,20.122909545898438
138116,13,Rock,-27.784690856933594,-0.5341185927391052
138117,13,Rock,-29.204021453857422,-9.895845413208008
138118,13,Rock,3.7235827445983887,-15.215143203735352
138119,13,Rock,-10.180961608886719,-8.362338066101074
138120,13,Rock,-34.72206115722656,-13.172249794006348
139904,13,Rock,-12.047098159790039,-7.6144328117370605
139925,13,Rock,-14.05486011505127,-12.256048202514648
139996,4,Electronic,31.745447158813477,-0.35078367590904236
139997,4,Electronic,-5.201612949371338,30.98999786376953
139998,4,Electronic,14.601719856262207,-12.318825721740723
139999,4,Electronic,26.495027542114258,0.43684276938438416
140000,4,Electronic,27.389785766601562,-1.6820753812789917
140001,4,Electronic,16.46500587463379,16.018535614013672
140002,4,Electronic,29.801918029785156,-0.4419069290161133
140003,4,Electronic,5.65115213394165,-4.778191566467285
140004,4,Electronic,10.668502807617188,-3.1178321838378906
140005,4,Electronic,26.34592628479004,-29.701557159423828
140044,13,Rock,12.66673755645752,-16.665239334106445
140046,13,Rock,-23.34401512145996,0.46089816093444824
140119,13,Rock,-26.374252319335938,-11.456857681274414
140194,13,Rock,-10.631900787353516,-11.118560791015625
140195,13,Rock,-16.72036361694336,-17.511245727539062
140197,13,Rock,-28.505220413208008,-1.325721025466919
140247,13,Rock,-21.70681381225586,-7.201180934906006
140304,4,Electronic,-30.529298782348633,16.173797607421875
140345,4,Electronic,7.067821502685547,-6.241278171539307
140419,13,Rock,-27.846017837524414,-1.4590094089508057
140506,13,Rock,-10.175929069519043,-9.20695972442627
140610,7,Hip-Hop,11.971944808959961,12.569186210632324
140611,7,Hip-Hop,39.82377624511719,3.666240930557251
140612,7,Hip-Hop,40.69633865356445,1.450551152229309
140613,7,Hip-Hop,12.005989074707031,-27.749475479125977
140614,7,Hip-Hop,38.46686553955078,4.364870548248291
140615,7,Hip-Hop,38.99263000488281,4.449302673339844
140616,7,Hip-Hop,37.37611389160156,2.1677799224853516
140617,7,Hip-Hop,36.91007995605469,5.2425947189331055
140618,7,Hip-Hop,37.12562942504883,4.418834209442139
140619,7,Hip-Hop,41.7620964050293,4.00270938873291
140622,7,Hip-Hop,38.03472900390625,8.26917552947998
140624,7,Hip-Hop,40.12445831298828,8.666058540344238
140927,4,Electronic,23.45392417907715,-24.184711456298828
140928,4,Electronic,9.113777160644531,1.7357347011566162
140929,4,Electronic,21.07839012145996,-27.2741756439209
140930,4,Electronic,2.115738868713379,-10.517356872558594
140932,4,Electronic,13.736565589904785,-15.834524154663086
141228,13,Rock,-34.173152923583984,-10.371586799621582
141331,13,Rock,-26.796560287475586,-9.643961906433105
141392,13,Rock,-11.436529159545898,-9.98536491394043
141394,13,Rock,-11.229151725769043,-11.221920013427734
141434,13,Rock,-10.822569847106934,-14.552634239196777
141997,13,Rock,-13.232184410095215,-7.766727924346924
142099,13,Rock,3.6849703788757324,-15.21324634552002
142612,13,Rock,-20.339494705200195,-8.886302947998047
142674,13,Rock,-18.33324432373047,-0.5892950892448425
142934,13,Rock,-13.853264808654785,-5.164231300354004
143029,13,Rock,-21.03779411315918,-8.248248100280762
143285,13,Rock,-18.282028198242188,-11.63187026977539
144573,4,Electronic,24.41234588623047,-9.067441940307617
144593,4,Electronic,-11.300237655639648,22.373064041137695
144594,4,Electronic,-10.871700286865234,22.058364868164062
144595,4,Electronic,-20.939311981201172,19.485034942626953
144596,4,Electronic,-7.237089157104492,21.620656967163086
145065,13,Rock,-31.24939727783203,-0.004468221217393875
145066,13,Rock,-31.230209350585938,-0.18105824291706085
145452,8,Instrumental,-0.2505275309085846,17.652912139892578
145454,8,Instrumental,12.921404838562012,-0.5212748646736145
145455,8,Instrumental,-4.110774993896484,17.260602951049805
145456,8,Instrumental,-0.8001601696014404,17.674203872680664
145509,8,Instrumental,1.0315353870391846,19.995370864868164
145510,8,Instrumental,-7.655239582061768,34.61753463745117
145511,8,Instrumental,0.7648665308952332,20.262605667114258
145512,8,Instrumental,0.11160535365343094,21.417314529418945
145513,8,Instrumental,-6.09066104888916,38.9002799987793
145514,8,Instrumental,1.0783480405807495,18.140239715576172
145515,8,Instrumental,-0.17610377073287964,23.45364761352539
145516,8,Instrumental,0.8586583733558655,17.907447814941406
145517,8,Instrumental,2.055105447769165,25.78428840637207
145548,8,Instrumental,13.773256301879883,-0.5152696371078491
145798,4,Electronic,36.70069885253906,-13.555397987365723
145799,4,Electronic,23.339519500732422,1.215055227279663
145800,4,Electronic,36.58543395996094,-13.506242752075195
145801,4,Electronic,32.30199432373047,-2.3085544109344482
145802,4,Electronic,32.80927658081055,-3.5477705001831055
145803,4,Electronic,36.56059265136719,-13.364503860473633
145804,4,Electronic,31.605770111083984,-2.2408409118652344
145805,4,Electronic,31.221572875976562,-3.4945428371429443
145808,4,Electronic,12.606277465820312,-1.820624828338623
145810,4,Electronic,7.98720121383667,-8.10902214050293
145814,4,Electronic,-1.0448616743087769,-1.6136584281921387
145816,4,Electronic,4.995131969451904,-7.589004039764404
145817,4,Electronic,-18.73040771484375,19.9761962890625
145818,4,Electronic,15.132598876953125,-16.981792449951172
145819,4,Electronic,-1.3070530891418457,19.11408805847168
145830,4,Electronic,10.873353004455566,-1.4591156244277954
145831,4,Electronic,19.25843048095703,3.8328371047973633
145840,4,Electronic,-6.520745754241943,32.95218276977539
145841,4,Electronic,31.154409408569336,0.4034039080142975
145909,3,Easy Listening,-0.16762854158878326,24.44878578186035
145911,3,Easy Listening,-13.796083450317383,29.54686737060547
145912,3,Easy Listening,-12.270034790039062,23.869525909423828
145913,3,Easy Listening,-5.343236446380615,27.844181060791016
145914,3,Easy Listening,6.351883888244629,30.828418731689453
145915,3,Easy Listening,-13.260780334472656,29.646656036376953
146715,7,Hip-Hop,11.312446594238281,-26.359434127807617
147216,13,Rock,-11.186531066894531,-10.914482116699219
147218,13,Rock,-17.736791610717773,-15.524742126464844
147220,13,Rock,-10.732377052307129,-14.519773483276367
147221,13,Rock,-12.261999130249023,-7.275313377380371
147735,13,Rock,13.22359848022461,-24.36589241027832
147736,13,Rock,-17.170564651489258,-17.309551239013672
147739,13,Rock,-30.456295013427734,-16.684038162231445
148012,13,Rock,-23.12871742248535,-19.040443420410156
148029,7,Hip-Hop,39.55361557006836,1.9394506216049194
148030,7,Hip-Hop,36.0578727722168,-7.064909934997559
148080,5,Experimental,-8.625298500061035,22.224973678588867
148081,5,Experimental,-17.56414794921875,12.342178344726562
148199,13,Rock,-32.02149200439453,-17.618019104003906
148296,5,Experimental,-6.0001912117004395,1.150434136390686
148460,5,Experimental,-27.82349967956543,12.781670570373535
148468,5,Experimental,14.648399353027344,15.622312545776367
148469,5,Experimental,-31.227577209472656,13.655428886413574
148753,13,Rock,-18.697864532470703,-21.63811683654785
149618,7,Hip-Hop,25.191116333007812,22.142370223999023
149619,7,Hip-Hop,13.33236026763916,17.80880355834961
149621,7,Hip-Hop,26.841455459594727,22.64031219482422
149622,7,Hip-Hop,27.480876922607422,20.188804626464844
149624,7,Hip-Hop,-27.405567169189453,14.763259887695312
149728,13,Rock,-13.437067031860352,-11.26673412322998
149730,13,Rock,-15.859589576721191,-11.230378150939941
150011,13,Rock,-9.932023048400879,-19.0545711517334
150014,12,Pop,-11.637606620788574,17.229515075683594
150036,5,Experimental,17.263751983642578,17.07488250732422
150052,13,Rock,-7.306569576263428,-30.73258399963379
150283,13,Rock,-27.81354331970215,-2.1233408451080322
150284,7,Hip-Hop,38.03593826293945,6.628364086151123
150285,7,Hip-Hop,38.44770812988281,5.437571048736572
150286,7,Hip-Hop,25.762123107910156,-17.028398513793945
150568,13,Rock,-33.34987258911133,-0.488312304019928
150572,13,Rock,-33.07768630981445,-0.835559070110321
150573,13,Rock,-33.33973693847656,-0.0942956879734993
150574,13,Rock,-33.15403747558594,-0.29745620489120483
151284,4,Electronic,29.738300323486328,-9.72254467010498
151533,4,Electronic,9.10611343383789,-8.969099998474121
151534,4,Electronic,27.122488021850586,0.9239495396614075
151535,4,Electronic,16.38140106201172,3.4166431427001953
151536,4,Electronic,16.129863739013672,-15.311864852905273
151555,13,Rock,-20.32014274597168,-10.570932388305664
151557,4,Electronic,16.090190887451172,-16.38411521911621
152347,13,Rock,-8.816500663757324,-30.440969467163086
152359,13,Rock,-27.78118133544922,3.8267247676849365
152663,13,Rock,-9.474953651428223,-23.50790786743164
152671,13,Rock,-10.240882873535156,-21.85468864440918
153338,13,Rock,0.5112743973731995,-29.702098846435547
153341,13,Rock,-27.001867294311523,-18.329648971557617
154232,13,Rock,-16.683435440063477,0.6155440211296082
154292,7,Hip-Hop,32.16203308105469,-5.579113006591797
154293,7,Hip-Hop,32.8702392578125,-1.425614595413208
154294,7,Hip-Hop,24.545076370239258,0.011216633021831512
154295,7,Hip-Hop,30.73212432861328,-5.800710201263428
154296,7,Hip-Hop,31.230016708374023,-6.4004106521606445
154297,7,Hip-Hop,33.78893280029297,-3.5749969482421875
154298,7,Hip-Hop,32.83445739746094,-3.08254337310791
154299,7,Hip-Hop,32.330265045166016,-4.17072057723999
154300,7,Hip-Hop,32.842891693115234,-3.5670924186706543
154301,7,Hip-Hop,31.969266891479492,-3.724214553833008
154302,7,Hip-Hop,33.937049865722656,-3.7432470321655273
154304,7,Hip-Hop,11.711097717285156,6.310697078704834
